date,Close,Volume,Open,High,Low
16:00,156.71,5279203,156.32,157.94,153.511
2018/05/07,157.23,5775749,155.86,158.93,155.38
2018/05/04,153.58,7721961,143.56,154.65,143.18
2018/05/03,145.4,8142138,143.45,146.99,138.45
2018/05/02,145.39,5970544,148.95,150.25,145
2018/05/01,147.97,4815100,142.06,148.16,141.13
2018/04/30,143.31,6666971,147.41,150.1,142.13
2018/04/27,146.43,6863473,152.48,152.65,143.92
2018/04/26,146.09,5798466,142.79,147.5044,141.42
2018/04/25,137.56,8678146,137.68,139.2,131.88
2018/04/24,137.02,8851710,148.28,149.0899,134.16
2018/04/23,146.35,5097152,149.56,151.32,144
2018/04/20,147.51,5847968,153.75,153.9988,145.9
2018/04/19,154.94,5355086,156.97,157.98,153.2451
2018/04/18,159.27,4902142,158.405,160.95,156.1
2018/04/17,158.17,5156536,153.1248,159.3172,152.35
2018/04/16,148.66,4913140,148.42,150.39,145.7796
2018/04/13,145.45,5924544,150.01,150.64,143.66
2018/04/12,147.64,5893719,145.5,149.25,144.99
2018/04/11,142.64,5941324,142.6,147.37,142.21
2018/04/10,145.08,8122054,142.45,146.55,139.64
2018/04/09,136.09,7289747,136.94,144.26,135.55
2018/04/06,133.42,9655504,139.69,143.82,131.42
2018/04/05,144.18,7520293,146.18,146.75,141.16
2018/04/04,141.95,8991789,127.63,143.18,127.201
2018/04/03,135.54,9215109,134.75,137.2,128.39
2018/04/02,131.14,10166260,140.52,142.5,126.77
2018/03/29,143.92,8200935,138.44,147.7,134.53
2018/03/28,136.37,10031620,138.77,142.82,133
2018/03/27,141.24,11363480,159.89,159.89,137.17
2018/03/26,156.22,7614275,149,156.84,142.38
2018/03/23,140.42,9052867,152.2,154.19,140.42
2018/03/22,152.76,8451213,158.4,161.599,152.2011
2018/03/21,164.8,5507465,166,170.6,162.7449
2018/03/20,167.22,3754458,166.04,168.399,164.17
2018/03/19,166,8045055,172.49,172.49,161.07
2018/03/16,177.12,3248135,179.32,180.679,176.8
2018/03/15,178.3,4604507,179.64,181.81,176.64
2018/03/14,179.1,5554657,181.98,182.53,176.8006
2018/03/13,179.71,7563966,189.31,190.52,177.8559
2018/03/12,186.48,5513741,185.5,188.17,184.34
2018/03/09,183.73,6127127,177.56,183.73,176.78
2018/03/08,173.62,4753467,172.98,174.22,171.11
2018/03/07,171.07,5557562,166.09,171.5,165.22
2018/03/06,169.8,5699892,170.18,171.69,166.8001
2018/03/05,167.68,6189971,160.29,169.12,158.36
2018/03/02,162.58,8049260,152.68,163.34,150.7801
2018/03/01,158.23,10462980,166.6,168.82,153.68
2018/02/28,166.23,6302619,172.47,174.15,166.06
2018/02/27,169.64,7198777,176.25,177.19,169.42
2018/02/26,175.94,5564303,171.81,176.02,171.435
2018/02/23,169.15,5936880,163.26,169.26,161.54
2018/02/22,159.64,6927234,161.93,164.35,158.415
2018/02/21,159.61,7332454,163.37,168.21,159.5
2018/02/20,161.06,6060187,158.42,165.24,158.27
2018/02/16,160.26,7097839,160.89,165.47,159.3501
2018/02/15,162.07,7913694,158,162.28,153.18
2018/02/14,154.02,6988921,143.32,154.62,143.17
2018/02/13,145.5,4485502,141.23,146.6,140.3677
2018/02/12,143.75,7267146,140.78,146.39,137.23
2018/02/09,136.13,13333960,135.2,139.15,121.2
2018/02/08,130.01,8959662,149.93,150.14,130
2018/02/07,148.4,7274100,153.06,157.99,148.4
2018/02/06,154.51,9936065,136.82,155,135.03
2018/02/05,143.45,9502616,157.75,165.64,142.61
2018/02/02,162.17,7547630,170.79,171.825,161.91
2018/02/01,172.72,5238001,173.23,178.2,170.88
2018/01/31,177.15,4516097,178.05,179.0577,174
2018/01/30,174.99,5502212,174.58,177.349,172.28
2018/01/29,179.58,5494618,180.91,182.14,178.41
2018/01/26,181.99,4427485,177,181.99,176.08
2018/01/25,174.21,5537338,178.07,178.2,172.5749
2018/01/24,174.43,8689388,179.01,180.26,171.4528
2018/01/23,178.04,5353812,175.31,178.47,175.04
2018/01/22,173.64,4310335,167.98,173.64,167.55
2018/01/19,168.38,3532489,168.21,169.1,165.85
2018/01/18,166.78,3920521,165.89,167.89,164.71
2018/01/17,166.62,3418273,163.68,167.45,161.47
2018/01/16,161.53,6510804,166.08,168.67,160.08
2018/01/12,162.79,3730022,158.87,163.41,158.42
2018/01/11,159.41,3110283,157.07,159.41,156.335
2018/01/10,156.28,3981937,155.21,156.34,153.2137
2018/01/09,157.4,4330309,158.24,158.77,156
2018/01/08,157.28,3004347,155.53,157.6,155.38
2018/01/05,155.55,3431398,153.1,155.88,152.31
2018/01/04,150.99,2907500,151.87,152.41,150.4552
2018/01/03,150.11,3523014,146.43,150.66,146.41
2018/01/02,145.84,3809405,140.9,146.14,139.89
2017/12/29,138.72,2848514,141.92,141.92,138.62
2017/12/28,141.39,1941004,142.26,142.39,140.9776
2017/12/27,141.01,1871650,141.02,142.14,140.6
2017/12/26,141.01,2025009,141.04,141.52,139.39
2017/12/22,143.33,1769690,143.2,143.49,142.12
2017/12/21,143.81,2764941,144.39,145.71,143.32
2017/12/20,143.88,2937888,145.86,145.92,142.09
2017/12/19,144.48,4094185,146.08,146.55,143.13
2017/12/18,146.87,3372881,146.01,147.29,145.4
2017/12/15,143.19,4647366,140.3,143.81,139.54
2017/12/14,138.68,2947313,139.69,140.69,138.15
2017/12/13,138.88,3464772,139.76,140.28,138.38
2017/12/12,138.19,3053242,138.51,139.42,137.32
2017/12/11,138.71,2967429,135.81,138.88,135.75
2017/12/08,135.6,3673335,136.8,137.78,135
2017/12/07,133.83,3157921,132.6,135,132.09
2017/12/06,132.52,3925117,129.34,133.15,128.86
2017/12/05,130.79,4779847,130.37,135.29,128.95
2017/12/04,130.6,6854422,137.92,138.23,130.19
2017/12/01,135.27,7088684,134.45,137.23,129.29
2017/11/30,137.1,4933116,135.46,137.839,134.45
2017/11/29,133.78,8658873,140.68,140.68,131.76
2017/11/28,141.03,2919652,140.95,141.35,138.7099
2017/11/27,140,2771323,140.05,141.02,139.08
2017/11/24,140.23,1664653,139.2,140.34,138.94
2017/11/22,138.67,2500099,138.61,139.1055,137.83
2017/11/21,138.12,2934779,135.77,138.4,135.63
2017/11/20,133.9,2076125,134.44,134.9,133.36
2017/11/17,134.23,2864698,135.89,136.16,133.87
2017/11/16,135.75,3359318,132.91,136.7099,132.8442
2017/11/15,130.85,3341115,131.1,131.9499,128.76
2017/11/14,132.8,3757546,132.8,133.24,130.84
2017/11/13,134.15,3119004,132.34,134.74,132.231
2017/11/10,133.75,2742994,132.89,134.06,132.14
2017/11/09,133.79,6790039,132.66,134,129.65
2017/11/08,135.97,2844342,134.16,136.054,133.66
2017/11/07,134.29,3881465,133.77,134.89,132.96
2017/11/06,134.07,3164145,132.49,134.2798,132.33
2017/11/03,132.72,3607666,130.49,132.868,129.17
2017/11/02,129.12,3780090,129.39,129.57,126.45
2017/11/01,129.78,3442395,131.58,131.76,128.35
2017/10/31,129.95,2502079,129.74,130.554,128.71
2017/10/30,128.59,4019997,127.36,130.0764,127.08
2017/10/27,127.68,6151631,123.14,128.39,122.83
2017/10/26,117.55,2991851,118.48,119.2721,117.38
2017/10/25,118.65,3708086,119.3,120.4845,115.97
2017/10/24,120.11,2447741,120.07,120.77,118.7091
2017/10/23,119.5,2543169,122.54,122.57,118.93
2017/10/20,121.77,2772978,122.34,122.63,121.4068
2017/10/19,120.89,3357039,120.14,120.9,118.32
2017/10/18,122.24,2408727,123.05,123.07,121.7309
2017/10/17,122.71,2500994,122.13,122.75,121.56
2017/10/16,122.28,2370024,121.94,122.34,121.1301
2017/10/13,121.03,2019768,121.07,121.44,120.65
2017/10/12,119.69,2726933,119.83,121.0796,119.2601
2017/10/11,120.34,2485684,119.15,120.4,118.6541
2017/10/10,119.3,2986969,120.18,120.57,117.71
2017/10/09,119.05,2866686,119.9,120.26,118.57
2017/10/06,119.35,3580295,117.8,119.4,117.75
2017/10/05,118.92,3924009,116.94,119.1122,116.45
2017/10/04,115.59,3742201,114.62,116.31,114.31
2017/10/03,115.29,2597176,115,115.6815,114.25
2017/10/02,114.57,3830010,114.84,115.97,113.04
2017/09/29,114.25,3676036,112.56,114.49,111.66
2017/09/28,111.88,2672225,111.26,112.2,110.44
2017/09/27,112.07,4625453,110.85,113.26,110
2017/09/26,109.11,3953247,109.94,110.54,107.97
2017/09/25,108.37,5635980,110.51,110.679,106.65
2017/09/22,111.88,2588867,111.05,112.33,110.76
2017/09/21,112.16,3530398,114.02,114.06,111
2017/09/20,114.36,4463154,115.26,115.6,111.6597
2017/09/19,115.32,2369391,115.37,115.8579,114.19
2017/09/18,114.83,3802108,115.61,116.72,113.75
2017/09/15,115.11,3297090,114.07,116.51,113.48
2017/09/14,114.19,2997953,114.87,115.81,113.9
2017/09/13,116.15,2133417,115,116.18,114.54
2017/09/12,115.67,3055587,115.8,116.166,114.07
2017/09/11,114.7,3546131,113.67,115.43,113.63
2017/09/08,111.16,3434214,113.54,113.74,110.7501
2017/09/07,113.97,3064414,113.93,114.9,112.8
2017/09/06,113.27,3546611,113.209,114.03,110.85
2017/09/05,112.3,5389538,114.29,115.0753,109.67
2017/09/01,115.39,2957003,116.35,116.7928,114.5
2017/08/31,115.47,4391989,113.19,115.88,113.01
2017/08/30,112.28,4401214,108.71,112.8,108.52
2017/08/29,108.52,3511973,104.41,109,104.16
2017/08/28,107.2,2631907,107.2,107.98,106.21
2017/08/25,106.27,3853801,108.08,108.99,105.87
2017/08/24,106.99,4038660,108.68,109.1,105.1
2017/08/23,107.89,3465594,107.32,108.64,107.18
2017/08/22,109.11,3903034,106,109.43,105.95
2017/08/21,104.46,3593887,104.83,105.4399,102.4
2017/08/18,104.65,5398901,105.18,106.91,103.5
2017/08/17,105.02,6581674,110.54,111.08,105
2017/08/16,111.9,4082466,112.1,113.45,110.79
2017/08/15,111.32,2996132,111.74,111.9653,110.41
2017/08/14,111.12,3958735,109.45,111.6,109.42
2017/08/11,106.96,4382781,105.08,107.67,104.3388
2017/08/10,104.57,6783021,109.95,110.15,104.31
2017/08/09,111.83,4119907,109.52,111.97,108.74
2017/08/08,112.27,4296915,112.19,115,111.3101
2017/08/07,112.69,2274268,111.38,112.87,110.9
2017/08/04,110.73,2973018,110.95,111.57,109.46
2017/08/03,110.3,3017755,111.88,111.92,109.6101
2017/08/02,111.46,4590270,112.74,112.85,108.44
2017/08/01,110.65,2527805,111.03,111.12,109.65
2017/07/31,109.93,3682110,112.29,112.72,109.19
2017/07/28,111.38,2911786,109.77,111.8899,109.07
2017/07/27,111.74,7861401,116.06,116.35,107.66
2017/07/26,113.77,2497685,113.48,113.98,113
2017/07/25,112.76,3919908,112.47,113.51,111.79
2017/07/24,113.52,3685074,112.03,113.81,111.61
2017/07/21,112.06,3610973,110.84,112.07,110.33
2017/07/20,112.23,4496107,112.63,112.86,110.69
2017/07/19,111.81,4328074,110.75,112.25,110.67
2017/07/18,109.8,3499178,107.44,109.91,106.5
2017/07/17,107.66,4163505,107.95,108.88,107.13
2017/07/14,107.6,3522852,106.37,107.98,105.53
2017/07/13,105.13,3804765,104.85,105.8683,104.21
2017/07/12,104.44,4376712,103.38,104.76,102.82
2017/07/11,100.85,4519114,99.59,101.2252,98.47
2017/07/10,100.03,3828637,98.35,100.7499,97.5621
2017/07/07,97.98,3730800,96.07,98.9,96
2017/07/06,95.13,4417624,95.45,96.69,94.03
2017/07/05,97.71,4738716,95.73,98.49,94.85
2017/07/03,95,3403492,99.4,99.71,94.76
2017/06/30,97.66,4104690,98.85,99.61,97.09
2017/06/29,98,9618863,101.99,102.06,95
2017/06/28,103.26,5010482,100.14,103.5822,98.44
2017/06/27,99.1,5975906,103.65,103.9899,99.1
2017/06/26,104.87,4393778,108.03,108.67,104.13
2017/06/23,106.28,2863051,104.73,106.7006,103.88
2017/06/22,105.1,2840042,105.69,106.26,104.3
2017/06/21,105.22,3470886,102.88,105.32,102.67
2017/06/20,102.25,3559281,104.37,104.74,102.11
2017/06/19,104.62,4579095,102.57,104.9586,102.11
2017/06/16,99.79,3908140,100.8,100.87,98.57
2017/06/15,101,5868113,99.25,101.34,97.3802
2017/06/14,102.38,5748375,104.99,104.99,99.93
2017/06/13,103.77,5260791,102.98,104.18,101.435
2017/06/12,101.4,6905749,100.4,101.86,97.4339
2017/06/09,103.27,9704247,111.72,112.13,98.66
2017/06/08,111.32,3832969,111.71,111.88,109.57
2017/06/07,111.02,3367928,110.6,111.3,109.16
2017/06/06,109.82,3228975,110.68,111.76,109.26
2017/06/05,111.08,2137197,111.08,111.66,110.61
2017/06/02,111.17,3466576,108.56,111.2489,108.09
2017/06/01,107.5,3077814,106.86,107.59,105.55
2017/05/31,106.23,4016584,107.33,107.56,104.61
2017/05/30,106.36,2298079,105.88,106.75,105.77
2017/05/26,106.14,2282393,105.61,106.25,105.21
2017/05/25,105.69,3638395,104.11,106.3628,103.46
2017/05/24,102.98,2720031,102.43,103.1,101.63
2017/05/23,101.58,2864850,102.16,102.2,100.82
2017/05/22,101.33,2714450,99.46,101.45,99.35
2017/05/19,98.77,3020006,98.54,100.04,98.46
2017/05/18,97.59,5006035,95.04,98.53,94.6345
2017/05/17,95.18,5804778,100.55,101.08,95.0475
2017/05/16,102.97,3170906,102.41,102.98,101.59
2017/05/15,101.69,2882855,100.85,101.86,100.59
2017/05/12,100.75,2437159,100.23,100.81,99.97
2017/05/11,100.1,2592856,99.53,100.147,98.13
2017/05/10,100.34,2330678,100.29,100.43,99.28
2017/05/09,100.18,3148538,99.56,100.83,99.3448
2017/05/08,99.09,2548476,98.65,99.13,98.05
2017/05/05,98.5,2260635,98.14,98.5,97.09
2017/05/04,97.44,3020932,97.39,97.84,96.44
2017/05/03,97.34,3049352,97.71,97.721,96.55
2017/05/02,98.31,2496755,98.21,98.45,97.4598
2017/05/01,97.73,2686633,96.21,98.22,96.0901
2017/04/28,95.33,2848895,95.94,96.05,94.85
2017/04/27,94.79,2388735,93.86,94.8,93.63
2017/04/26,93.16,3633480,93.66,94.3299,92.96
2017/04/25,93.57,2655190,92.45,94.03,92.2386
2017/04/24,91.54,2483104,91.25,91.8,90.86
2017/04/21,88.33,2249385,88.66,88.77,87.7212
2017/04/20,88.37,3430497,87.33,89,86.93
2017/04/19,86.28,2395549,86.97,87.82,85.92
2017/04/18,85.98,2106122,85.43,86.679,85.27
2017/04/17,86.23,1497106,84.94,86.34,84.8447
2017/04/13,84.23,2556014,84.9,86.37,84.18
2017/04/12,85.24,2831869,86.28,86.46,84.98
2017/04/11,86.38,3550877,87.14,87.58,84.43
2017/04/10,87.48,2004491,87.68,88.53,86.73
2017/04/07,87.38,1730394,87.42,88.17,86.43
2017/04/06,87.48,2566361,87.71,88.21,86.85
2017/04/05,87.41,3044377,88.85,90.38,86.8897
2017/04/04,88.42,1346091,87.25,88.49,87.19
2017/04/03,88.02,2676593,88.47,89.08,86.618
2017/03/31,88.21,2254375,88.03,88.92,87.74
2017/03/30,88.42,2199130,87.95,88.71,87.66
2017/03/29,87.98,2001968,86.91,88.1,86.71
2017/03/28,86.83,3496750,85.22,87.57,84.69
2017/03/27,85.23,3110474,83.05,85.67,82.43
2017/03/24,84.78,2137413,85.12,86.11,83.88
2017/03/23,84.32,2455805,84.69,85.36,83.92
2017/03/22,85,2939615,83.41,85.23,83.02
2017/03/21,83.36,3884745,88.22,88.5,83.16
2017/03/20,87.25,1529268,86.99,87.87,86.6
2017/03/17,86.99,1468945,87.4,87.75,86.94
2017/03/16,87.2,1614448,87.85,87.85,86.57
2017/03/15,87.25,2656128,86.34,87.92,85.45
2017/03/14,85.75,2198284,85.8,85.93,84.72
2017/03/13,86.39,1403461,85.81,86.47,85.73
2017/03/10,85.89,2118324,86.05,86.36,84.912
2017/03/09,84.96,1810560,84.68,85.268,83.57
2017/03/08,84.7,1607777,84.48,85.52,84.19
2017/03/07,84.27,1472310,84.15,85.4,83.871
2017/03/06,84.69,1599756,84.36,85.16,83.71
2017/03/03,85.28,1443284,84.64,85.4,83.99
2017/03/02,84.84,1783191,86.16,86.16,84.56
2017/03/01,86.2,2628795,84.96,86.6,84.56
2017/02/28,83.5,1705236,84.17,84.25,82.74
2017/02/27,84.16,2177640,83.47,84.21,83.0114
2017/02/24,83.91,2111548,82.26,83.91,82.2
2017/02/23,83.46,2600976,84.74,84.75,82.42
2017/02/22,84.37,1784840,84.1,84.5819,83.66
2017/02/21,84.36,2769228,83.62,84.4799,83.43
2017/02/17,83.04,2146016,81.67,83.1,81.62
2017/02/16,82.01,2645232,82.28,82.7655,81.4198
2017/02/15,82.08,3056777,80.59,82.24,80.4
2017/02/14,80.69,2604949,79.99,80.72,79.24
2017/02/13,79.94,1780860,79.3,80.23,79.18
2017/02/10,78.56,1994339,78.33,78.9,77.93
2017/02/09,77.79,2121646,77.2,78.325,77.08
2017/02/08,76.99,1535783,76.29,77.29,75.8652
2017/02/07,76.56,1924472,76.18,77.09,76.0632
2017/02/06,75.78,1720452,75.13,75.82,74.93
2017/02/03,75.5,2007579,75.15,75.75,74.92
2017/02/02,74.85,2407196,74.66,75.55,74.04
2017/02/01,75.04,3009419,75.08,75.52,74.08
2017/01/31,73.64,2455772,73.29,73.64,72.29
2017/01/30,74.05,3116449,74.97,75.01,72.78
2017/01/27,75.77,1379698,75.8,76.0239,75.08
2017/01/26,75.41,2103203,75.44,75.86,75.01
2017/01/25,75.1,2325497,74.29,75.21,74.13
2017/01/24,72.97,2146187,71.87,73.28,71.5701
2017/01/23,71.48,2288433,71.1,71.8,70.17
2017/01/20,71.32,2366735,71.8,72.35,70.8
2017/01/19,70.86,2447054,71.25,72.0352,70.46
2017/01/18,71.05,2040509,70.9,71.1901,70.33
2017/01/17,70.57,2306419,70.6,71,69.96
2017/01/13,71.24,2440584,70.66,71.58,70.6401
2017/01/12,70.43,3351902,70.09,70.64,68.53
2017/01/11,70.79,3914964,70.3,70.84,69.27
2017/01/10,70.25,2759280,69.82,70.91,69.455
2017/01/09,69.85,2743210,69.32,70.2,69.18
2017/01/06,69.15,3990298,67.565,69.68,67.0525
2017/01/05,67.44,2554588,66.21,67.525,66.15
2017/01/04,66.265,2767480,65.455,66.63,65.371
2017/01/03,65.155,4054492,64.805,65.945,64.185
2016/12/30,63.615,4385556,65.905,65.9445,63
2016/12/29,65.53,3570560,65.815,66.23,64.94
2016/12/28,65.85,3800240,67.82,68.035,65.705
2016/12/27,67.41,3148024,66.8,68.5649,66.73
2016/12/23,66.44,1338314,65.965,66.47,65.75
2016/12/22,66.235,2712630,66.845,66.935,65.52
2016/12/21,66.815,2008224,67.075,67.21,66.3975
2016/12/20,67.05,2614708,66.77,67.375,66.65
2016/12/19,66.25,3465486,65.725,67.45,65.43
2016/12/16,65.45,4779758,66.565,66.9945,65.085
2016/12/15,66.255,4425054,66.035,67.35,65.6805
2016/12/14,65.855,5909512,66.47,67.1899,65.2905
2016/12/13,66.34,7024974,64.54,67.365,64.45
2016/12/12,63.845,3952054,63.86,64.28,63.1075
2016/12/09,64.745,4274914,63.98,64.855,63.98
2016/12/08,63.265,4700452,63.04,63.775,62.675
2016/12/07,62.88,6186650,60.275,63.18,59.75
2016/12/06,60.63,2877466,60.66,60.975,59.92
2016/12/05,60.195,3743432,59.785,60.9415,58.9605
2016/12/02,58.835,4289798,58.655,59.58,58.135
2016/12/01,58.6,7757632,61.69,61.695,58.235
2016/11/30,62.005,6287932,64.21,64.365,61.665
2016/11/29,64.08,3103320,63.525,64.96,63.06
2016/11/28,63.47,2973236,63.535,64.2992,63.21
2016/11/25,63.825,1595004,63.515,63.92,63.255
2016/11/23,63.215,3073480,63.37,63.585,62.4
2016/11/22,63.985,3181038,64.185,64.5,63.54
2016/11/21,63.415,3470416,61.955,63.61,61.93
2016/11/18,61.565,2611270,62.38,62.787,61.375
2016/11/17,62.265,3133136,60.815,62.265,60.435
2016/11/16,60.855,3589496,58.975,61.0448,58.975
2016/11/15,59.88,4375660,58.68,60.425,58.515
2016/11/14,57.23,7364090,59.34,59.47,56.58
2016/11/11,59.23,4729902,58.365,59.66,57.8
2016/11/10,59.28,10321528,62.995,63.3505,56.735
2016/11/09,62.24,7611362,59.205,62.515,59.035
2016/11/08,61.38,4476654,60,62.19,59.6
2016/11/07,60.2,4191806,58.895,60.39,58.665
2016/11/04,56.175,3533138,56.295,57.535,55.89
2016/11/03,56.82,3616508,58.265,58.815,56.605
2016/11/02,58.505,3371284,59.87,60.275,58.105
2016/11/01,60.07,4234406,61.725,61.725,58.41
2016/10/31,61.33,2365264,62.28,62.28,61.3
2016/10/28,61.68,5954854,62.17,63.17,61
2016/10/27,62.765,4269678,64.435,64.59,62.48
2016/10/26,63.655,3961890,63.65,64.6809,63.05
2016/10/25,64.9,2460968,65.615,65.71,64.6441
2016/10/24,65.555,2856958,64.53,65.685,64.48
2016/10/21,63.25,2441956,62.705,63.395,62.115
2016/10/20,62.57,2901664,62.545,63.01,61.51
2016/10/19,62.835,1956754,62.695,63.085,62.495
2016/10/18,62.81,3198504,63.375,63.715,62.75
2016/10/17,61.24,2318354,61.65,61.9691,60.9935
2016/10/14,61.665,3407950,62.355,63.16,61.61
2016/10/13,61.525,4337926,60.955,62.03,59.835
2016/10/12,62.255,3407332,62.45,62.8345,61.62
2016/10/11,62.385,5389472,64.94,65.02,61.525
2016/10/10,65.075,2490374,64.875,65.585,64.84
2016/10/07,63.93,3771722,64.555,64.795,63.01
2016/10/06,64.35,3098478,64.21,64.765,63.435
2016/10/05,64.45,2866428,64.365,65.075,64.2729
2016/10/04,63.785,4674942,64.605,65.075,63.087
2016/10/03,64.15,3399838,64.075,64.34,63.325
2016/09/30,64.295,3331478,63.58,64.9346,63.265
2016/09/29,63,4767026,64.09,64.405,62.155
2016/09/28,64.365,3143314,64.245,64.48,63.3905
2016/09/27,64.015,3443356,62.18,64.13,61.94
2016/09/26,62.25,3397466,62.735,62.96,61.94
2016/09/23,63.835,3040752,64.8,64.835,63.54
2016/09/22,65.005,3249302,64.71,65.2789,64.48
2016/09/21,63.52,5758086,62.5,63.805,61.445
2016/09/20,61.725,3154560,62,62.5,61.44
2016/09/19,61.385,3801744,62.675,63.2674,61.055
2016/09/16,62.2,3396838,62.115,62.4098,61.3
2016/09/15,62.27,5495996,59.6,62.565,59.55
2016/09/14,59.51,4639828,58.905,60.5,58.845
2016/09/13,58.755,5215072,59.37,59.94,57.845
2016/09/12,60.175,5437024,56.38,60.571,56.275
2016/09/09,57.24,6686872,60.425,60.8,57.24
2016/09/08,61.935,2911906,62.5,62.535,61.455
2016/09/07,63.015,2416146,63.095,63.37,62.345
2016/09/06,62.9,2748902,62.125,62.95,61.7
2016/09/02,61.755,3779900,62.125,62.495,61.104
2016/09/01,61.04,3571480,60.81,61.41,59.91
2016/08/31,60.77,2983570,60.665,60.9389,59.975
2016/08/30,60.93,2739000,61.26,61.775,60.31
2016/08/29,61.485,2074348,61.35,62.0375,61.315
2016/08/26,61.315,4470542,61.1,62.48,60.2
2016/08/25,61.02,2417344,60.825,61.58,60.615
2016/08/24,61.31,2946938,62.425,62.695,60.7255
2016/08/23,62.515,2603634,62.9,63.26,62.4701
2016/08/22,62.145,3051594,61.79,62.545,61.47
2016/08/19,62.085,3066116,61.83,62.485,61.3099
2016/08/18,62.17,2363194,61.915,62.41,61.6
2016/08/17,62.11,3729502,61.82,62.155,60.79
2016/08/16,61.82,2605120,62.445,62.5,61.7341
2016/08/15,62.81,2376232,62.25,63.2225,62.19
2016/08/12,62.03,2840836,61.55,62.03,61.37
2016/08/11,61.915,2856224,61.7,62.2996,61.365
2016/08/10,61.125,3649724,61.645,61.74,60.6251
2016/08/09,61.6,3318810,61.3,62.1636,61.2
2016/08/08,61.195,3159644,61.495,61.529,60.585
2016/08/05,61.39,5142414,60.63,61.775,60.3751
2016/08/04,59.665,3495762,59.12,59.835,58.685
2016/08/03,59.135,3531596,58.45,59.165,58.337
2016/08/02,58.58,6699878,59.675,59.845,57.435
2016/08/01,59.93,4379400,59.15,60.385,58.93
2016/07/29,59.005,4273150,59.04,59.49,58.47
2016/07/28,58.62,3617150,58.31,58.84,57.76
2016/07/27,57.99,5431962,58.275,58.4849,57.305
2016/07/26,56.88,5638210,56.635,57.48,56
2016/07/25,56.69,3169100,56.515,56.695,56.1
2016/07/22,56.64,3605210,56.12,56.85,55.5698
2016/07/21,55.99,4693326,56.495,56.79,55.51
2016/07/20,56.325,3767934,55.295,56.661,55.135
2016/07/19,54.46,3266240,54.5,54.96,54.1675
2016/07/18,55.03,3487182,54.1,55.34,54.055
2016/07/15,53.955,3533966,54.61,54.705,53.625
2016/07/14,54.26,4546976,54.235,54.55,53.855
2016/07/13,53.18,5239546,53.99,54.02,53.145
2016/07/12,53.555,4799410,53.705,53.98,53.346
2016/07/11,52.725,5936862,52.43,53.3283,52.38
2016/07/08,51.84,6243344,50.285,51.96,50.15
2016/07/07,49.55,5248268,49.305,49.9,48.875
2016/07/06,49.085,7218234,47.3,49.1906,46.835
2016/07/05,47.955,5446888,48.19,48.28,47.18
2016/07/01,48.82,5468980,48.075,49.405,48.02
2016/06/30,48.16,6890786,46.75,48.215,46.3
2016/06/29,46.47,8653176,45.255,46.795,45.17
2016/06/28,44.175,8289430,42.835,44.235,42.795
2016/06/27,41.57,9864936,43.135,43.195,40.9
2016/06/24,44.14,13539076,45,47.175,43.8
2016/06/23,50.3,5272470,49.385,50.32,48.775
2016/06/22,48.265,4273814,48.72,49.525,48.125
2016/06/21,48.58,3587216,48.395,48.885,48.056
2016/06/20,48.1,5781482,48.945,49.565,48.03
2016/06/17,47.25,6955130,48.725,48.725,46.925
2016/06/16,48.925,6830838,47.86,49.115,46.8914
2016/06/15,48.575,4425370,49.335,49.495,48.305
2016/06/14,49.015,5884720,48.59,49.495,47.9
2016/06/13,48.99,4936758,49.435,50.2268,48.8
2016/06/10,50.28,6737878,50.63,50.89,49.7155
2016/06/09,52.03,4149048,51.635,52.185,51.335
2016/06/08,52.26,3411994,52.315,52.59,51.7
2016/06/07,52.03,3205742,52.57,52.65,51.93
2016/06/06,52.4,3581682,52.08,52.815,51.86
2016/06/03,51.845,6478470,52.265,52.3605,50.83
2016/06/02,52.565,4356632,51.915,52.595,51.1
2016/06/01,52.27,4183798,51.775,52.605,51.635
2016/05/31,52.25,4673924,52.225,52.495,51.475
2016/05/27,51.94,4459762,51.255,51.98,51.25
2016/05/26,51.17,3962696,50.915,51.355,50.51
2016/05/25,50.745,5872396,50.245,51.175,49.965
2016/05/24,49.675,6221200,47.615,49.825,47.58
2016/05/23,46.81,3596690,47.16,47.69,46.715
2016/05/20,47.04,5216426,46.075,47.58,45.995
2016/05/19,45.52,10576404,45.685,46.068,44.525
2016/05/18,46.25,9896140,45.475,46.995,45.16
2016/05/17,45.73,7788702,47.5,47.835,45.395
2016/05/16,47.555,4882036,45.975,48.06,45.925
2016/05/13,45.79,6492088,46.32,47.0799,45.575
2016/05/12,46.35,7692364,47.38,47.465,45.38
2016/05/11,47.01,5283560,48.095,48.52,46.94
2016/05/10,48.33,4839036,46.88,48.36,46.64
2016/05/09,46.385,4911828,46.025,47.015,45.96
2016/05/06,45.98,6530026,44.6,46.02,44.475
2016/05/05,45.325,5966698,45.78,46.12,45.005
2016/05/04,45.35,6419176,45.415,45.885,44.99
2016/05/03,46.265,6068122,46.535,47.16,45.84
2016/05/02,47.53,4915512,46.595,47.745,46.025
2016/04/29,46.305,7967926,46.895,47.28,45.1491
2016/04/28,47.055,6665924,48.945,49.785,46.72
2016/04/27,48.785,7590970,48.47,49.095,47.53
2016/04/26,49.985,4516688,50.975,51.285,49.51
2016/04/25,50.68,4018318,50.165,50.71,49.965
2016/04/22,50.72,8386332,51.085,51.775,49.49
2016/04/21,53.125,5504012,53.08,53.68,52.405
2016/04/20,53.11,4480380,52.91,53.825,52.4201
2016/04/19,52.98,6587680,54.45,54.5,52.125
2016/04/18,53.91,4210022,52.685,54.02,52.58
2016/04/15,53.125,3460176,53.36,53.74,52.7201
2016/04/14,53.535,4630890,53.515,54.125,53.115
2016/04/13,53.5,6748698,52.745,53.755,52.535
2016/04/12,51.49,7595080,50.41,51.84,49.47
2016/04/11,50.315,5676054,51.52,52.275,50.275
2016/04/08,50.86,6924760,51.905,52.265,50.33
2016/04/07,50.98,10483284,52.375,52.635,50.315
2016/04/06,53.28,7579332,51,53.3199,50.95
2016/04/05,50.845,6097182,51.055,51.66,50.58
2016/04/04,52.25,5688522,52.825,53,51.9356
2016/04/01,52.905,6786438,50.42,52.965,50.135
2016/03/31,51.2,4931996,51.385,51.96,51.035
2016/03/30,51.5,8740330,51.665,52.455,51.17
2016/03/29,50.74,7471772,48.16,50.85,47.925
2016/03/28,48.425,5380688,49.09,49.1,48.19
2016/03/24,48.6,5286250,47.825,48.69,47.65
2016/03/23,48.615,6430772,49.535,49.645,48.275
2016/03/22,49.8,5287106,48.56,50.175,48.515
2016/03/21,49.36,5659430,48.57,49.525,48.475
2016/03/18,48.78,6144224,48.9,49.19,48.055
2016/03/17,48.5,5301920,48.27,48.935,47.7051
2016/03/16,48.64,7326976,47.01,49.045,47.01
2016/03/15,47.43,8036110,46.98,47.56,46.505
2016/03/14,47.46,6539328,46.71,47.81,46.655
2016/03/11,47.185,7067728,46.31,47.235,45.915
2016/03/10,44.86,14296510,45.75,46.43,43.135
2016/03/09,45.03,8669166,44.78,45.109,44
2016/03/08,44.185,8844674,44.42,45.625,44.01
2016/03/07,45.385,7870266,45.525,46.335,44.385
2016/03/04,46.245,9901934,46.34,47.1309,45.315
2016/03/03,46.165,8598396,46.305,46.345,45.185
2016/03/02,46.425,8067284,46.2,46.4745,45.355
2016/03/01,46.375,12946506,43.485,46.385,43.14
2016/02/29,42.325,9547566,43.375,44.345,42.325
2016/02/26,43.475,10345748,44.57,44.675,43.1805
2016/02/25,43.575,10791894,42.685,43.625,41.525
2016/02/24,42.405,14552276,39.785,42.55,39.02
2016/02/23,41.18,11135010,42.575,42.9435,41.14
2016/02/22,43.34,10317194,42.5095,43.485,42.39
2016/02/19,41.385,9952606,40.495,41.73,40.11
2016/02/18,40.96,10733050,42.85,42.865,40.825
2016/02/17,42.4,15200532,40.665,42.615,40.3
2016/02/16,39.66,12433700,38.91,39.66,38.185
2016/02/12,37.185,13174292,36.78,37.34,35.81
2016/02/11,35.665,19838364,34.4,36.455,34.09
2016/02/10,35.75,15608144,36.625,37.96,35.695
2016/02/09,35.33,19128162,34.27,36.9945,34.11
2016/02/08,35.745,21412700,35.365,36.19,33.67
2016/02/05,37.455,17877410,41.35,41.3905,36.99
2016/02/04,41.75,11816998,41.41,42.775,40.325
2016/02/03,41.825,19594326,43.225,43.235,39.57
2016/02/02,42.425,10630050,44.766,44.766,42.01
2016/02/01,45.3,9490244,44.31,45.87,43.825
2016/01/29,45.045,10731308,42.385,45.045,42.2751
2016/01/28,42.29,13086880,42.595,42.7,40.255
2016/01/27,40.685,14862214,43.155,43.705,40.1
2016/01/26,43.955,10083240,43.3,44.475,42.19
2016/01/25,42.735,11513026,44.35,45.045,42.65
2016/01/22,44.75,11936148,43.625,44.82,43.255
2016/01/21,41.2,14050676,41.565,43.005,39.93
2016/01/20,41.05,23019620,39.48,42.39,36.77
2016/01/19,41.425,10764620,42.865,43.062,40.005
2016/01/15,41.25,23513240,40.89,42.65,39.465
2016/01/14,45.425,15120314,43.205,46.575,41.15
2016/01/13,42.665,17179598,48.225,48.56,42.5
2016/01/12,47.65,13195996,47.335,48.365,45.7
2016/01/11,46.095,13979760,46.645,47.015,43.95
2016/01/08,45.695,13809268,47.815,48.685,45.485
2016/01/07,46.8,14128278,48.35,50.25,46.73
2016/01/06,51.72,10141156,50.49,52.525,50.42
2016/01/05,53.145,5504220,54.25,54.465,52.42
2016/01/04,53.625,11063074,53.31,53.625,51.3675
2015/12/31,57.115,7324440,58.67,58.985,57.05
2015/12/30,59.315,3722214,60.76,60.835,59.27
2015/12/29,60.87,6039842,59.225,61.31,59.105
2015/12/28,58.215,4273294,57.82,58.215,56.595
2015/12/24,58.23,2021586,58.3,58.77,58.2
2015/12/23,58.35,4559804,57.94,58.44,57.625
2015/12/22,57.045,5580046,56.86,57.295,55.965
2015/12/21,55.985,5315184,55.715,55.99,54.4928
2015/12/18,54.37,8509380,56.91,57.315,54.25
2015/12/17,57.53,7854106,60.83,60.88,57.455
2015/12/16,60.03,8175480,58.705,60.385,56.95
2015/12/15,57.49,7971090,57.98,58.995,57.33
2015/12/14,56.53,9654906,55.53,56.58,53.14
2015/12/11,55.29,12267426,57.305,57.765,55.16
2015/12/10,59.36,6777152,58.955,60.52,58.44
2015/12/09,58.53,12039326,60.52,61.56,57.485
2015/12/08,61.39,6755098,59.44,61.9558,59.365
2015/12/07,61.385,5765948,62.33,62.444,60.475
2015/12/04,62.145,7214988,58.645,62.5,58.3
2015/12/03,58.15,9392536,61.76,62.035,57.08
2015/12/02,61.275,5078374,62.53,63.37,60.955
2015/12/01,62.41,4867792,61.29,62.41,61.095
2015/11/30,60.61,3855390,61.605,61.6135,60.01
2015/11/27,60.995,1135098,61.21,61.44,60.45
2015/11/25,60.775,2329528,60.875,61.16,60.45
2015/11/24,60.64,5515508,59.65,61.095,58.715
2015/11/23,60.83,4702388,61.4,62.1,60.055
2015/11/20,61.325,4247204,60.97,61.5,60.8197
2015/11/19,60.13,4323648,60.14,60.9706,59.82
2015/11/18,60.04,8164158,57.425,60.2,57.2725
2015/11/17,56.785,9221636,56.935,57.98,56.325
2015/11/16,56.59,7710950,54.145,56.675,53.766
2015/11/13,54.325,8218122,56.995,57.1625,54.23
2015/11/12,57.72,5743240,58.68,59.575,57.59
2015/11/11,59.445,4198290,60.165,61.025,59.1475
2015/11/10,59.71,4112364,59.175,59.835,58.65
2015/11/09,60.135,6293286,61.415,61.664,58.99
2015/11/06,62.135,5676236,61.67,62.335,60.4453
2015/11/05,61.93,5924764,62.67,63.13,61.03
2015/11/04,62.48,6072844,63.075,63.25,61.735
2015/11/03,62.455,5146318,61.485,63.1677,61.2
2015/11/02,61.865,4601262,60.27,62.065,59.935
2015/10/30,59.825,5000824,60.735,61.05,59.82
2015/10/29,60.655,4144500,60.09,60.95,59.915
2015/10/28,60.88,8699450,59.77,60.92,58.2938
2015/10/27,59.5,4345052,58.635,59.7105,58.585
2015/10/26,59.115,4992432,58.865,59.44,58.2
2015/10/23,58.94,8501678,58.805,59.655,57.925
2015/10/22,54.415,10615062,52.655,54.545,52.215
2015/10/21,51.37,7347290,53.03,53.1808,51.22
2015/10/20,52.21,6037992,52.77,53.125,51.71
2015/10/19,53.09,6814574,51.915,53.175,51.625
2015/10/16,52.155,5526288,51.855,52.25,51.1015
2015/10/15,51.515,8897306,49.645,51.525,49.455
2015/10/14,49.115,7633288,49.34,50.085,48.48
2015/10/13,49.325,8846130,49.45,50.987,49.2
2015/10/12,50.31,6348932,50.27,50.605,49.715
2015/10/09,49.89,7298036,49.355,50.25,48.9636
2015/10/08,49.29,12140612,48.175,49.55,46.755
2015/10/07,48.695,10500352,48.78,49.035,46.88
2015/10/06,47.925,9573474,48.265,48.69,46.715
2015/10/05,48.62,8658598,47.585,48.92,47.2815
2015/10/02,46.5,13138096,42.43,46.555,42
2015/10/01,44.205,9120546,43.87,44.235,42.14
2015/09/30,43.595,13882140,42.59,43.8,42.1
2015/09/29,40.89,15208424,41.805,43.075,39.96
2015/09/28,41.505,14927780,44.79,44.87,41.105
2015/09/25,45.42,11810484,48.13,48.195,44.515
2015/09/24,46.55,12204928,45.705,47.09,44.5
2015/09/23,47.095,9310326,47.35,47.72,46.35
2015/09/22,47.02,11813376,46.915,47.45,45.64
2015/09/21,49.19,8340224,49.52,50.38,47.875
2015/09/18,48.775,11338076,48.595,50.51,48.4836
2015/09/17,50.93,10078934,50.735,53.175,50.25
2015/09/16,50.79,5832632,50.055,50.975,49.5
2015/09/15,49.955,6357922,48.63,50.445,48.0996
2015/09/14,48.27,7346180,49.25,49.265,47.74
2015/09/11,48.705,7900224,47.29,48.705,46.875
2015/09/10,47.93,10282508,46.255,48.865,46.0908
2015/09/09,46.445,11622762,49.77,49.795,46.06
2015/09/08,48.12,9375906,46.87,48.225,46.315
2015/09/04,44.355,11633268,44.05,45.2176,43.545
2015/09/03,45.89,9291600,47.23,48.14,45.56
2015/09/02,46.66,7480024,45.34,46.66,43.8455
2015/09/01,43.15,13042566,43.89,46.065,42.415
2015/08/31,47.455,8591340,48.475,49.275,47.1
2015/08/28,49.285,8902848,48.54,49.8,48.22
2015/08/27,49.325,20217260,47.9,49.425,46.165
2015/08/26,45.75,11802486,43.395,46.085,40.835
2015/08/25,39.98,11959118,44.75,45.565,39.8
2015/08/24,40.515,16304806,37.525,45.74,32.6515
2015/08/21,45.96,15709376,50.25,51.525,45.96
2015/08/20,52.49,12462964,55.6,56.1329,52.405
2015/08/19,57.2,9803102,57.75,58.72,56.18
2015/08/18,58.295,4540290,58.905,59.15,58.11
2015/08/17,59.24,5220866,57.375,59.285,56.95
2015/08/14,57.82,6082196,57.125,58.05,56.81
2015/08/13,57.51,5846414,58,58.825,57.18
2015/08/12,57.77,9337432,56.11,58.185,54.245
2015/08/11,57.265,7207202,58.575,59.285,56.29
2015/08/10,59.535,5546064,58.675,59.92,58.675
2015/08/07,57.59,6668886,57.375,57.985,56.14
2015/08/06,57.82,7293996,60.855,61.12,56.985
2015/08/05,60.735,5306278,60.33,61.89,60.135
2015/08/04,59.345,5877342,59.56,59.91,58.59
2015/08/03,59.73,6144756,60.32,60.779,58.5
2015/07/31,60.285,4543226,61.025,61.125,59.87
2015/07/30,60.47,5703080,59.215,60.76,58.15
2015/07/29,59.64,5068306,59.325,60.015,58.66
2015/07/28,58.98,6477700,58.285,59.305,56.865
2015/07/27,57.465,5021218,57.93,58.6925,57.1
2015/07/24,58.98,4434142,61.655,61.795,58.69
2015/07/23,60.705,4017916,61.62,62.19,60.25
2015/07/22,61.44,4505984,60.67,62.325,60.66
2015/07/21,63.525,3582190,63.8,64.0535,63.02
2015/07/20,63.7,3990850,63.52,64.39,62.87
2015/07/17,62.995,5969228,61.825,63,61.545
2015/07/16,60.24,5809198,59.375,60.4,59.02
2015/07/15,57.975,4942114,58.03,58.6,57.44
2015/07/14,57.7,4254470,56.885,58.2036,56.795
2015/07/13,56.565,4355374,55.175,56.78,55.165
2015/07/10,53.815,5133326,53.4,54.4,52.94
2015/07/09,51.425,5115294,53.655,53.7099,51.425
2015/07/08,51.575,7689384,53.215,53.42,51.26
2015/07/07,54.295,10424184,54.175,54.55,51.205
2015/07/06,54.02,5457444,53.355,54.925,53
2015/07/02,54.48,4391282,54.765,54.9382,53.885
2015/07/01,54.275,5881648,54.625,54.97,53.6
2015/06/30,53.185,7360096,53.68,54.025,52.595
2015/06/29,52.585,11396966,54.59,55.6,52.4755
2015/06/26,56.585,5492648,57.605,58.025,55.88
2015/06/25,57.655,3547336,58.685,58.8643,57.385
2015/06/24,58.035,3532966,58.715,59.46,57.981
2015/06/23,58.94,4785330,59,59.1,58.195
2015/06/22,58.795,5479736,58.795,59.315,58.405
2015/06/19,57.41,3521190,58.465,58.62,57.41
2015/06/18,58.3,6766304,56.405,58.66,56.37
2015/06/17,55.935,7001444,55.775,56.485,54.875
2015/06/16,55.47,4204430,54.39,55.755,54.35
2015/06/15,54.635,8368506,54.19,54.865,53.24
2015/06/12,55.4,5035594,55.915,56.275,55.2157
2015/06/11,56.845,4869294,57.14,57.615,56.535
2015/06/10,56.535,6436524,54.91,57.06,54.74
2015/06/09,54.38,6364208,54.25,54.95,53.135
2015/06/08,54.65,6012818,56.265,56.4,54.305
2015/06/05,56.375,5772604,56.555,56.955,55.335
2015/06/04,56.805,7661720,57.12,58.2079,56.23
2015/06/03,58.07,4874192,58.385,58.74,57.67
2015/06/02,57.565,5475014,57.485,58.425,56.6351
2015/06/01,58.095,5713302,58.495,58.595,56.72
2015/05/29,57.59,4418544,58.48,58.735,57.16
2015/05/28,58.58,3772576,58.655,59.07,58.065
2015/05/27,59.015,5592590,56.795,59.19,56.445
2015/05/26,56.305,5842880,57.91,58.15,55.61
2015/05/22,58.325,3324016,58.285,58.935,58.17
2015/05/21,58.485,3840276,57.3,58.705,57.04
2015/05/20,57.58,4627126,57.615,58.615,56.685
2015/05/19,57.485,4107118,57.875,58.12,57.215
2015/05/18,57.65,4602174,56.67,58.006,56.53
2015/05/15,56.95,6101964,57.405,57.61,56.52
2015/05/14,56.955,7363918,55.905,57.07,55.2802
2015/05/13,54.54,5505640,54.965,55.78,54.315
2015/05/12,54.26,7924070,53.985,55.055,52.755
2015/05/11,54.97,5783090,55.735,56.0799,54.86
2015/05/08,55.58,7429922,55.28,55.975,55.03
2015/05/07,53.615,7023522,52.655,54.06,52.52
2015/05/06,52.71,8882752,54.085,54.55,51.605
2015/05/05,53.86,11584942,55.905,56.215,53.725
2015/05/04,56.54,5489188,56.805,57.615,56.475
2015/05/01,56.34,7912764,54.77,56.39,54.75
2015/04/30,54.15,12772496,55.875,56.575,53.305
2015/04/29,56.82,8060750,56.955,57.9699,55.905
2015/04/28,57.925,7150560,58.42,58.75,56.475
2015/04/27,58.305,6706902,59.4,59.715,57.915
2015/04/24,58.68,5932648,58.21,58.965,57.9595
2015/04/23,56.47,5445412,55.27,57.19,55.215
2015/04/22,55.8,5070808,55.335,56.075,54.285
2015/04/21,54.91,5304646,55.18,55.44,54.73
2015/04/20,54.215,5920624,52.695,54.495,52.61
2015/04/17,51.895,7757992,52.89,53.3343,51.21
2015/04/16,54.44,3777210,54.26,54.73,54.005
2015/04/15,54.63,3971198,54.14,55.02,53.9
2015/04/14,53.68,7036190,54.025,54.4301,52.765
2015/04/13,54.145,4773180,54.695,55.51,53.955
2015/04/10,54.55,4722774,53.895,54.57,53.495
2015/04/09,53.905,4614762,52.87,53.945,52.295
2015/04/08,52.92,7037042,51.73,53.125,51.71
2015/04/07,51.69,4767112,51.865,53,51.685
2015/04/06,51.93,6283100,49.795,52.37,49.5874
2015/04/02,50.71,4605330,50.725,51.2,50.225
2015/04/01,50.625,7316944,51.425,51.425,49.625
2015/03/31,51.495,5176754,52.655,52.995,51.3948
2015/03/30,53.14,6294692,52.33,53.24,52.295
2015/03/27,51.295,4092400,50.705,51.71,50.495
2015/03/26,50.805,8184956,50.02,51.615,49.503
2015/03/25,51.225,7302058,55.355,55.4428,51.225
2015/03/24,55.07,3871998,55.625,56.42,55.04
2015/03/23,55.635,4123978,55.9275,56.375,55.63
2015/03/20,56.105,4366742,56.275,56.815,55.985
2015/03/19,54.965,4635590,54.89,55.375,54.625
2015/03/18,54.7,6955014,52.715,55.41,51.875
2015/03/17,53.17,4051738,52.42,53.3749,52.075
2015/03/16,52.875,4775612,51.49,52.9,51.3201
2015/03/13,50.925,8250998,51.455,52.065,49.96
2015/03/12,51.59,5093192,50.475,51.775,50.385
2015/03/11,50.62,9292804,51.665,51.905,50.55
2015/03/10,51.525,7968994,53.345,53.375,51.5
2015/03/09,54.545,4714036,54.41,54.93,53.725
2015/03/06,54.025,6233208,55.79,56.094,53.6438
2015/03/05,55.95,3844952,56.13,56.475,55.3015
2015/03/04,55.705,4858342,55.795,56.0243,54.765
2015/03/03,56.33,5332504,56.65,56.805,55.2688
2015/03/02,57.15,3706072,55.95,57.195,55.925
2015/02/27,55.65,3692728,56.33,56.43,55.3791
2015/02/26,56.395,4844464,55.71,56.4672,55.25
2015/02/25,55.55,4686108,55.705,56.365,55.185
2015/02/24,56,4346304,55.64,56.1649,55.135
2015/02/23,55.885,3282434,55.63,55.89,55.235
2015/02/20,55.665,3782044,54.485,55.775,53.9693
2015/02/19,54.615,3132462,53.675,54.695,53.65
2015/02/18,53.805,2935348,53.395,53.87,53.15
2015/02/17,53.575,3445228,53.42,53.665,53.035
2015/02/13,53.43,5030346,52.53,53.4412,52.25
2015/02/12,52.115,6361526,51.26,52.135,51.085
2015/02/11,50.355,5062522,49.975,50.66,49.67
2015/02/10,49.795,4962148,48.395,49.975,48.13
2015/02/09,47.52,3978354,47.475,48.23,47.225
2015/02/06,48.05,5143582,49.15,49.475,47.5151
2015/02/05,48.94,4176270,48.015,49.005,47.72
2015/02/04,47.675,5176880,47.2,48.64,46.91
2015/02/03,47.8,7586882,46.92,47.915,46.0892
2015/02/02,46.53,8256924,45.585,46.6,43.4905
2015/01/30,45.34,9079046,46.245,47.325,45.13
2015/01/29,46.405,7331458,44.945,46.6297,43.8
2015/01/28,45.1,7840414,47.995,48.15,45.07
2015/01/27,45.89,9278076,47.375,47.405,45.32
2015/01/26,49.74,4189600,49.7,49.9498,48.91
2015/01/23,49.85,5929072,49.52,50.295,49.07
2015/01/22,49.52,6765536,47.5,49.65,46.24
2015/01/21,46.9075,5558108,45.78,47.54,45.3201
2015/01/20,46.2,5902708,45.96,46.535,44.4205
2015/01/16,45.2,5895200,43.43,45.3079,43.215
2015/01/15,43.645,8149580,45.97,46.225,43.455
2015/01/14,45.45,8989468,44.695,46.065,44.17
2015/01/13,46.16,8308742,47.505,48.99,45.05
2015/01/12,46.2,6874612,47.985,48.11,45.82
2015/01/09,47.665,7553310,49.105,49.16,46.855
2015/01/08,48.65,6027626,47.21,48.925,47.05
2015/01/07,46.025,5711540,45.165,46.32,44.86
2015/01/06,44.32,7021642,46.315,46.5849,43.685
2015/01/05,46.15,5277928,47.625,47.8,45.75
2015/01/02,48.325,5090418,49.425,50.065,47.58
2014/12/31,48.725,4870954,50.505,51.125,48.505
2014/12/30,50.3,5156516,50.855,51.2199,50.0695
2014/12/29,51.36,2592278,51.21,51.64,51.1
2014/12/26,51.35,3585126,50.7,51.66,50.695
2014/12/24,50.33,1832524,50.385,50.855,50.2385
2014/12/23,50.225,4827382,51.27,51.275,49.98
2014/12/22,50.71,4591982,50.0925,50.75,50.005
2014/12/19,50.255,6446306,49.85,50.94,49.4995
2014/12/18,49.7,7759542,48.34,49.7,47.95
2014/12/17,46.305,7607142,44.03,46.72,43.875
2014/12/16,43.945,8835434,45.32,47.345,43.925
2014/12/15,46.24,9812884,48.38,48.9114,45.765
2014/12/12,47.6675,6398886,47.855,49.53,47.655
2014/12/11,49.3,5661232,49,51,48.965
2014/12/10,48.54,5581794,50.71,51.08,48.315
2014/12/09,51.01,7111170,48.725,51.085,48.21
2014/12/08,50.52,7029454,51.21,51.895,49.71
2014/12/05,51.635,4733550,51.905,52.105,51.295
2014/12/04,51.6,6408048,51.525,52.22,50.9755
2014/12/03,51.755,5496948,51.655,51.895,50.735
2014/12/02,51.29,5397774,50.995,51.675,50.635
2014/12/01,50.745,6502258,52.205,52.4595,50.22
2014/11/28,52.69,3023888,52.335,52.96,52.2051
2014/11/26,51.915,4392040,51.04,51.97,50.8751
2014/11/25,50.875,6289150,50.89,51.345,50.505
2014/11/24,50.71,5249750,49.92,50.73,49.78
2014/11/21,49.59,6369566,50.54,50.66,49.04
2014/11/20,49.235,4138700,47.945,49.335,47.825
2014/11/19,48.59,6196476,49.075,49.075,47.9
2014/11/18,49.215,4648516,48.285,49.425,48.28
2014/11/17,48.135,5889376,48.245,48.5799,47.475
2014/11/14,48.59,4777890,48.12,48.59,47.64
2014/11/13,48.145,7585604,47.795,48.685,47.49
2014/11/12,47.535,4000432,46.72,47.685,46.72
2014/11/11,47.275,4397734,46.9,47.28,46.51
2014/11/10,46.83,4306584,46.42,47.04,46.06
2014/11/07,46.355,4615060,46.75,46.8,45.66
2014/11/06,46.47,4048034,46.005,46.53,45.4674
2014/11/05,46.075,5777884,46.93,46.98,45.59
2014/11/04,46.08,5769004,46.055,46.42,45.11
2014/11/03,46.575,5861648,46.335,46.8932,46.16
2014/10/31,46.1,7345460,46.505,46.57,45.665
2014/10/30,44.275,6743596,43.415,44.585,43.125
2014/10/29,44,7474708,44.075,44.415,43.075
2014/10/28,44.535,6622148,43.15,44.535,43.0805
2014/10/27,42.63,5751808,42.245,42.81,41.7207
2014/10/24,42.47,7101806,41.69,42.57,41.25
2014/10/23,41.515,7059854,40.9,42.145,40.685
2014/10/22,39.7,7827246,40.705,40.855,39.62
2014/10/21,40.325,8817834,38.745,40.325,38.5
2014/10/20,37.4,6431690,35.725,37.465,35.56
2014/10/17,35.855,11000388,35.795,36.765,35.185
2014/10/16,34.505,13995494,32.86,35.315,32.825
2014/10/15,35.05,20203440,34.15,35.5249,32.625
2014/10/14,35.815,15418856,36.485,37.145,35.47
2014/10/13,35.75,11383282,37.35,38.1885,35.68
2014/10/10,37.505,12350680,39.83,40.545,37.505
2014/10/09,40.54,9264556,42.5,42.8,40.37
2014/10/08,42.665,8877928,40.415,43.035,39.66
2014/10/07,40.335,6760484,41.505,41.865,40.3
2014/10/06,42.115,6135292,42.73,43.08,41.725
2014/10/03,42.405,6403012,41.88,42.89,41.46
2014/10/02,41.165,9080222,41.14,41.545,39.6004
2014/10/01,41.185,8894956,42.915,43,40.78
2014/09/30,43.255,6420592,43.45,43.9195,42.6486
2014/09/29,43.095,4771446,41.94,43.415,41.87
2014/09/26,43.24,6176502,42.33,43.45,42.115
2014/09/25,41.9,8863152,44.275,44.455,41.86
2014/09/24,44.74,4856688,43.435,44.775,43.035
2014/09/23,43.335,4185092,43.17,43.93,43.06
2014/09/22,43.715,4504270,44.63,44.63,43.13
2014/09/19,44.935,4588354,45.645,45.645,44.4175
2014/09/18,45.035,3303930,44.46,45.05,44.3201
2014/09/17,44.085,4724042,43.825,44.65,43.29
2014/09/16,43.87,5284734,42.265,44.09,42.125
2014/09/15,42.715,5353464,44.16,44.1848,42.345
2014/09/12,44.04,4739044,44.6,44.6236,43.605
2014/09/11,44.745,4968030,44.23,44.77,43.72
2014/09/10,44.78,3017442,43.92,44.86,43.54
2014/09/09,43.765,5391214,44.85,45.365,43.485
2014/09/08,44.855,2952780,44.62,45.19,44.2351
2014/09/05,44.63,3466462,44.16,44.67,43.465
2014/09/04,43.95,3418560,44.385,45.05,43.615
2014/09/03,44.09,3440366,45.185,45.215,43.83
2014/09/02,44.86,2675952,44.83,44.895,44.32
2014/08/29,44.49,2178068,44.305,44.49,43.81
2014/08/28,43.975,2700824,43.715,44.14,43.54
2014/08/27,44.155,1529816,44.18,44.295,43.86
2014/08/26,44.15,1737962,44.18,44.265,43.825
2014/08/25,44,2832230,44.16,44.355,43.68
2014/08/22,43.515,3199592,43.36,43.85,43.0936
2014/08/21,43.345,2827898,43.165,43.375,42.935
2014/08/20,43.1,2943722,42.955,43.325,42.855
2014/08/19,43.1,3275756,42.665,43.14,42.59
2014/08/18,42.37,3305134,42.01,42.475,41.875
2014/08/15,41.37,6497504,41.46,41.69,40.235
2014/08/14,40.815,4286878,40.33,40.83,40.195
2014/08/13,40.195,3385350,39.455,40.225,39.37
2014/08/12,38.93,3787498,38.885,39.2588,38.36
2014/08/11,39.02,3097902,38.75,39.3645,38.695
2014/08/08,38.325,5185974,37.72,38.45,37.21
2014/08/07,37.525,6399928,38.38,38.62,37.1195
2014/08/06,37.89,4970748,37.25,38.57,37.155
2014/08/05,37.955,6928394,38.425,38.725,37.44
2014/08/04,38.865,6007662,38.34,39.315,37.91
2014/08/01,38.085,7177360,38.29,38.91,37.325
2014/07/31,38.53,5784090,40,40.19,38.34
2014/07/30,41.03,4483180,41.2,41.435,40.54
2014/07/29,40.545,3302146,41.005,41.275,40.435
2014/07/28,40.75,3831736,40.81,41.05,39.809
2014/07/25,40.7,3868896,40.61,40.88,40.0773
2014/07/24,41.205,3634364,41.555,41.695,41.025
2014/07/23,41.35,4267322,40.96,41.4745,40.77
2014/07/22,40.59,4477388,40.38,40.74,40.23
2014/07/21,39.8,3952180,39.665,39.99,39.256
2014/07/18,39.945,4873254,38.79,40.005,38.6
2014/07/17,38.14,6694934,39.39,39.8265,37.765
2014/07/16,39.725,4436008,40.12,40.235,39.605
2014/07/15,39.28,6187496,39.86,40.0278,38.415
2014/07/14,39.695,4460852,39.475,39.935,39.295
2014/07/11,38.95,5070422,38.51,38.97,38.185
2014/07/10,38.285,5134708,37.16,38.71,36.995
2014/07/09,38.65,5705980,38.075,38.725,37.75
2014/07/08,37.795,6322570,38.975,39.045,37.295
2014/07/07,39.16,3664620,39.395,39.56,38.975
2014/07/03,39.54,2693102,39.185,39.54,38.8819
2014/07/02,38.795,3408412,38.695,38.995,38.59
2014/07/01,38.645,2752484,37.765,38.925,37.74
2014/06/30,37.39,2268642,37.18,37.68,37.09
2014/06/27,37.115,3076442,36.605,37.22,36.585
2014/06/26,36.75,3647962,36.75,36.75,35.875
2014/06/25,36.65,3521828,35.73,36.8449,35.725
2014/06/24,35.995,6676606,36.095,36.9931,35.685
2014/06/23,36.095,2891932,36.045,36.13,35.79
2014/06/20,36.055,2358092,36.005,36.19,35.8
2014/06/19,35.925,4413684,36.195,36.26,35.474
2014/06/18,36.065,4782438,35.565,36.17,34.91
2014/06/17,35.42,3984824,35.315,35.715,35.1205
2014/06/16,35.37,3746038,35.13,35.675,34.87
2014/06/13,35.24,3000758,35.45,35.545,34.835
2014/06/12,35,5037228,35.725,35.84,34.6
2014/06/11,35.94,4040802,35.59,36.105,35.515
2014/06/10,35.995,3031700,35.685,36.025,35.575
2014/06/09,35.79,5171834,35.93,36.06,35.505
2014/06/06,35.855,3300734,35.7,35.89,35.455
2014/06/05,35.285,7337858,34.5,35.465,34.145
2014/06/04,34.39,4389874,33.76,34.56,33.6051
2014/06/03,34.03,3962416,33.73,34.19,33.61
2014/06/02,34.08,4214316,34.3,34.3195,33.42
2014/05/30,34.1655,4722278,34.195,34.34,33.64
2014/05/29,34.195,3636384,33.89,34.195,33.6782
2014/05/28,33.515,4934638,33.805,33.95,33.44
2014/05/27,33.835,4932786,33.065,33.845,32.965
2014/05/23,32.61,3963588,32.03,32.625,31.815
2014/05/22,31.895,5269974,31.59,32.18,31.4631
2014/05/21,31.505,5145830,30.78,31.545,30.74
2014/05/20,30.64,6760210,30.94,31.26,30.25
2014/05/19,30.98,5021996,30.06,31.105,29.9163
2014/05/16,30.33,5948422,29.84,30.39,29.26
2014/05/15,29.775,8393958,30.445,30.61,29.18
2014/05/14,30.48,4109794,30.685,31.03,30.26
2014/05/13,30.94,4900698,30.985,31.305,30.77
2014/05/12,30.875,5317040,29.975,30.915,29.8876
2014/05/09,29.44,6516914,29.07,29.5,28.495
2014/05/08,29.1,9127560,28.91,30.17,28.7
2014/05/07,29.2,10903966,29.69,29.7327,28.17
2014/05/06,29.465,6727818,30.515,30.56,29.433
2014/05/05,30.65,4824632,29.65,30.67,29.43
2014/05/02,30.22,6329330,30.635,30.825,29.974
2014/05/01,30.37,5989464,30.235,30.86,30
2014/04/30,30.1,7658552,29.465,30.17,29.2001
2014/04/29,29.835,10149300,29.42,30.005,28.9975
2014/04/28,29.19,20072020,29.265,29.7849,27.795
2014/04/25,28.88,10197796,29.785,29.8893,28.6675
2014/04/24,30.345,10448962,30.955,30.96,29.37
2014/04/23,29.475,5417778,30.28,30.305,29.435
2014/04/22,30.3,6262410,29.855,30.5,29.7401
2014/04/21,29.575,6008298,29.15,29.58,28.7365
2014/04/17,28.92,7359404,28.62,29.365,28.375
2014/04/16,28.905,10472808,28.54,28.92,27.86
2014/04/15,27.825,23402780,27.82,28.285,26.09
2014/04/14,27.55,11714088,27.61,27.975,26.795
2014/04/11,26.945,8828150,27.155,28.215,26.75
2014/04/10,27.92,13419822,30.82,30.825,27.66
2014/04/09,30.76,9246990,29.57,30.8008,29.345
2014/04/08,29.26,10134516,28.57,29.36,28.255
2014/04/07,28.465,13026986,28.76,29.545,27.865
2014/04/04,29.345,15424974,32.44,32.58,29.06
2014/04/03,31.875,6646362,32.745,32.88,31.3
2014/04/02,32.645,6791434,32.805,32.885,32.19
2014/04/01,32.39,7418182,31.22,32.43,31.185
2014/03/31,30.725,6755872,30.81,31.355,30.71
2014/03/28,30.125,6929644,30.225,31.1,29.875
2014/03/27,29.93,8416490,30.35,30.74,29.44
2014/03/26,30.47,8388618,32.165,32.355,30.445
2014/03/25,31.675,7188226,31.89,32.465,30.905
2014/03/24,31.385,11088702,32.595,32.6545,30.505
2014/03/21,32.195,8262552,33.97,34.05,32.045
2014/03/20,33.42,3651598,32.85,33.725,32.64
2014/03/19,33.16,5684202,33.745,33.84,32.5
2014/03/18,33.715,4710088,32.645,33.815,32.625
2014/03/17,32.545,4871202,32.29,33.02,32.255
2014/03/14,31.7,4471656,32.015,32.465,31.6605
2014/03/13,32.365,7829946,34.175,34.215,31.91
2014/03/12,33.8,4567166,32.985,33.85,32.6
2014/03/11,33.425,4989236,34.115,34.36,33.13
2014/03/10,33.845,3149290,33.72,33.915,33.21
2014/03/07,33.775,5521598,34.635,34.705,33.27
2014/03/06,34.265,3866126,34.6,34.69,33.9151
2014/03/05,34.395,3205442,34.275,34.555,34.05
2014/03/04,34.115,4541394,33.905,34.28,33.83
2014/03/03,32.795,6606158,32.62,33.1,31.965
2014/02/28,33.53,5688842,33.705,34.29,32.715
2014/02/27,33.7,3665188,33.085,33.805,32.9323
2014/02/26,33.05,3455274,33.45,33.725,32.68
2014/02/25,33.16,3873334,33.415,33.61,32.845
2014/02/24,33.28,4143292,32.905,33.72,32.8
2014/02/21,32.705,3499038,33.185,33.3326,32.64
2014/02/20,32.875,4276200,32.48,33.07,32.09
2014/02/19,32.405,5688746,32.935,33.155,32.23
2014/02/18,33.13,2887154,32.785,33.3049,32.56
2014/02/14,32.62,3958340,32.48,32.86,32.135
2014/02/13,32.525,4437498,31.03,32.525,31.02
2014/02/12,31.71,4518118,31.75,31.95,31.46
2014/02/11,31.56,4895492,30.69,31.7362,30.615
2014/02/10,30.515,3470292,29.98,30.555,29.915
2014/02/07,29.965,4659096,28.955,30.0574,28.71
2014/02/06,28.455,3082498,27.685,28.575,27.64
2014/02/05,27.405,4521408,27.375,27.725,26.5
2014/02/04,27.66,3777798,27.465,27.965,27.225
2014/02/03,27.13,7662190,28.895,29.3097,26.835
2014/01/31,29.055,3522186,28.31,29.475,28.23
2014/01/30,29.26,4851638,28.795,29.585,28.695
2014/01/29,27.795,5686406,27.94,28.565,27.59
2014/01/28,28.7,4562064,28.265,28.775,28.15
2014/01/27,28.71,7400736,29.605,29.745,28.1
2014/01/24,29.57,6196996,30.965,31.13,29.565
2014/01/23,31.4325,5377340,31.485,31.5,30.8
2014/01/22,31.815,3268168,31.7675,32,31.5
2014/01/21,31.5225,3666768,31.42,31.575,30.755
2014/01/17,30.8325,3519368,31.0925,31.35,30.6125
2014/01/16,31.39,2937992,31.2825,31.5075,31.128
2014/01/15,31.325,5021952,30.9725,31.54,30.9
2014/01/14,30.61,5753312,29.2575,30.67,29.25
2014/01/13,28.9525,7212924,30.1775,30.49,28.6125
2014/01/10,30.3,4997700,30.245,30.4024,29.57
2014/01/09,30,4398464,30.6325,30.665,29.706
2014/01/08,30.3125,3881944,30.1325,30.5675,29.94
2014/01/07,30.0875,3843592,29.7075,30.25,29.5575
2014/01/06,29.3275,5246796,29.6675,29.76,28.985
2014/01/03,29.6425,4064492,30.2975,30.3825,29.625
2014/01/02,30.3025,4123276,30.6025,30.625,30.035
2013/12/31,31.0275,2673808,30.6075,31.0275,30.575
2013/12/30,30.43,2208256,30.43,30.5625,30.1875
2013/12/27,30.59,3080852,30.92,30.975,30.47
2013/12/26,30.815,2325684,30.6625,30.885,30.5025
2013/12/24,30.5175,1583544,30.4775,30.5668,30.33
2013/12/23,30.475,4687008,30.2525,30.475,30.005
2013/12/20,29.52,4739500,28.8,29.725,28.775
2013/12/19,28.6575,4882320,28.7575,28.7775,28.29
2013/12/18,28.9175,6731460,28.025,28.9875,26.8125
2013/12/17,27.9525,3040120,28.13,28.31,27.7875
2013/12/16,28.13,3123372,28.0545,28.59,28.0075
2013/12/13,27.655,3381732,28.155,28.1975,27.51
2013/12/12,27.7875,4465996,28.025,28.22,27.7
2013/12/11,28.015,6202428,29.085,29.2225,27.865
2013/12/10,29.1025,3875076,29.0075,29.2675,28.94
2013/12/09,29.155,4692004,29.15,29.35,29.0175
2013/12/06,28.81,5941392,28.9075,28.9975,28.41
2013/12/05,28.2275,5268032,28.4075,28.4775,27.9888
2013/12/04,28.315,5583252,27.8875,28.595,27.6125
2013/12/03,28.2425,5605800,28.2475,28.465,27.9159
2013/12/02,28.325,6914084,28.665,28.7875,28.19
2013/11/29,28.5025,3817540,28.38,28.67,28.31
2013/11/27,28.0425,5745572,27.6525,28.0775,27.5825
2013/11/26,27.4925,4446260,27.095,27.6825,26.9
2013/11/25,27.045,3857580,27.135,27.245,26.86
2013/11/22,26.8675,3625436,26.59,26.8925,26.5176
2013/11/21,26.45,3607904,25.9675,26.5075,25.92
2013/11/20,25.665,5243904,26.07,26.3475,25.4375
2013/11/19,25.845,4256292,26.0325,26.4,25.725
2013/11/18,26.1025,5993556,26.83,27.0075,25.9325
2013/11/15,26.845,3716868,26.75,26.8687,26.54
2013/11/14,26.66,4948720,26.2425,26.765,26.0975
2013/11/13,26.455,5259392,25.055,26.4633,25.0375
2013/11/12,25.54,4532344,25.1925,25.6525,25.15
2013/11/11,25.415,2645468,25.3775,25.635,25.1702
2013/11/08,25.5375,4920196,24.825,25.5625,24.6175
2013/11/07,24.5675,9637624,26.025,26.1375,24.4925
2013/11/06,26.01,6797088,26.3575,26.39,25.775
2013/11/05,26.055,5505228,25.6525,26.225,25.4375
2013/11/04,25.945,3818400,26.1,26.1,25.685
2013/11/01,25.82,6797276,26.0575,26.175,25.47
2013/10/31,25.8325,5907372,25.825,26.31,25.55
2013/10/30,26,8277148,26.365,26.48,25.6525
2013/10/29,26.0825,3504520,26.2075,26.285,25.75
2013/10/28,25.9575,3456784,25.9425,26.0725,25.6172
2013/10/25,25.905,5852876,26.125,26.2875,25.5825
2013/10/24,25.3975,4522172,25.1025,25.56,25.005
2013/10/23,25.085,6715804,25.165,25.3075,24.71
2013/10/22,25.495,6569216,25.6875,25.9548,25.0625
2013/10/21,25.4075,4140320,25.4075,25.6175,25.19
2013/10/18,25.2625,5629464,24.7425,25.2898,24.5475
2013/10/17,24.0725,6929384,23.3525,24.1175,23.3125
2013/10/16,23.69,5386164,23.215,23.725,23.1775
2013/10/15,22.9075,6712352,23.11,23.4625,22.825
2013/10/14,23.155,5858588,22.2825,23.175,22.225
2013/10/11,22.685,5416072,22.0175,22.75,22.0075
2013/10/10,22.185,5955676,21.5275,22.3225,21.515
2013/10/09,20.86,9101660,21.2075,21.2375,20.3475
2013/10/08,21.0925,9778276,22.35,22.4056,21.0425
2013/10/07,22.3575,4139080,22.3425,22.885,22.3025
2013/10/04,22.925,3826868,22.3375,23.0175,22.3
2013/10/03,22.35,6674432,23.0725,23.215,21.9825
2013/10/02,23.155,3596512,22.7025,23.26,22.6575
2013/10/01,23.1975,3656304,22.5125,23.2275,22.49
2013/09/30,22.5225,5137320,21.97,22.675,21.7475
2013/09/27,22.665,3050140,22.395,22.79,22.2675
2013/09/26,22.7725,3709176,22.525,22.9125,22.485
2013/09/25,22.2625,4527568,22.5075,22.6125,22.1075
2013/09/24,22.475,3416640,22.625,22.8325,22.25
2013/09/23,22.47,5620324,22.915,22.9698,22.15
2013/09/20,22.5975,4506472,23.0225,23.08,22.5725
2013/09/19,22.8475,2975284,22.8875,23.0125,22.7371
2013/09/18,22.7075,5312740,21.995,22.8175,21.8675
2013/09/17,21.9025,2789160,21.595,21.9804,21.595
2013/09/16,21.4725,5551132,22.1875,22.195,21.33
2013/09/13,21.655,3313264,21.69,21.7275,21.3075
2013/09/12,21.585,2788244,21.6725,21.8134,21.4819
2013/09/11,21.6825,4421400,21.3625,21.6925,21.265
2013/09/10,21.7925,6308732,21.845,21.87,21.5525
2013/09/09,21.4675,3928180,20.9825,21.5675,20.9825
2013/09/06,20.7375,5088444,20.865,21.06,20.0425
2013/09/05,20.6625,2017808,20.6025,20.8375,20.5775
2013/09/04,20.5725,3461496,20.1125,20.6525,19.9625
2013/09/03,19.9225,3570908,20.075,20.3425,19.6725
2013/08/30,19.6,5083172,20.03,20.0425,19.3875
2013/08/29,19.9725,5394448,19.56,20.27,19.4775
2013/08/28,19.5675,4251768,19.305,19.815,19.2825
2013/08/27,19.3175,8355008,19.8875,20.1775,19.2125
2013/08/26,20.615,3141120,20.625,21.075,20.4852
2013/08/23,20.5975,3210708,20.6175,20.655,20.385
2013/08/22,20.1725,2924524,19.8425,20.2146,19.825
2013/08/21,19.6125,6593500,19.6375,20.1275,19.3975
2013/08/20,19.81,3698840,19.6775,20.08,19.615
2013/08/19,19.5425,3754724,19.69,20.155,19.54
2013/08/16,19.62,2923912,19.695,19.955,19.5553
2013/08/15,19.69,5536952,20.0475,20.0525,19.5175
2013/08/14,20.73,3920408,20.95,21.0398,20.65
2013/08/13,20.9625,6436808,20.705,21.1159,20.2675
2013/08/12,20.62,2867624,20.2475,20.735,20.245
2013/08/09,20.4925,4105500,20.6525,20.8525,20.3125
2013/08/08,20.715,5441696,20.7825,20.8775,20.34
2013/08/07,20.4425,5024284,20.3675,20.545,19.9925
2013/08/06,20.56,3909260,20.84,20.9,20.3
2013/08/05,20.9325,3308472,20.815,20.9725,20.735
2013/08/02,20.8875,4045972,20.56,20.895,20.4153
2013/08/01,20.545,3248700,20.3425,20.625,20.2775
2013/07/31,19.9375,4606556,19.9375,20.2675,19.82
2013/07/30,19.8125,5040036,19.7375,20.0688,19.61
2013/07/29,19.5225,3014404,19.5125,19.755,19.3561
2013/07/26,19.6125,3233376,19.085,19.6275,19
2013/07/25,19.2925,3379316,19.23,19.3825,18.93
2013/07/24,18.9501,4382376,19.33,19.3525,18.835
2013/07/23,18.7725,3596968,19.3125,19.3125,18.7419
2013/07/22,19.2,3574248,19.265,19.3375,19.0325
2013/07/19,19.0625,4524680,19.15,19.1575,18.8675
2013/07/18,19.66,4200100,19.795,19.94,19.5625
2013/07/17,19.805,3294320,19.8325,19.9325,19.6375
2013/07/16,19.665,3547416,19.7775,19.825,19.505
2013/07/15,19.7425,3816180,19.6525,19.765,19.4925
2013/07/12,19.59,3478832,19.3925,19.6325,19.2325
2013/07/11,19.3875,6375968,18.8325,19.3875,18.805
2013/07/10,18.25,4190520,17.8825,18.335,17.8825
2013/07/09,17.9475,3511728,17.8675,18.06,17.6325
2013/07/08,17.625,3677772,17.845,17.865,17.4375
2013/07/05,17.5675,4767484,17.47,17.5875,17.065
2013/07/03,17.1875,2248368,16.795,17.4175,16.7525
2013/07/02,16.9575,5182168,16.94,17.2856,16.71
2013/07/01,16.95,4323196,16.9975,17.3625,16.9075
2013/06/28,16.595,6502940,16.42,16.9475,16.315
2013/06/27,16.55,4736416,16.6225,16.89,16.55
2013/06/26,16.3675,4992896,16.36,16.465,16.1953
2013/06/25,15.9325,5514504,16.06,16.145,15.6825
2013/06/24,15.6,9205932,15.7075,15.9875,15.215
2013/06/21,16.0975,9872216,16.34,16.4825,15.6925
2013/06/20,16.3275,10050708,17.0075,17.1875,16.19
2013/06/19,17.6275,7316576,18.2275,18.2931,17.555
2013/06/18,18.2,4224220,17.86,18.3275,17.8525
2013/06/17,17.78,6614536,17.7,18.0875,17.5175
2013/06/14,17.3,5180280,17.635,17.6955,17.21
2013/06/13,17.61,6310656,16.925,17.7425,16.7875
2013/06/12,17,9311652,17.9325,17.935,16.9175
2013/06/11,17.61,9250208,17.5975,18.0925,17.4275
2013/06/10,18.135,5638252,18.2425,18.395,18.0375
2013/06/07,18.1275,9711472,17.6525,18.1825,17.5
2013/06/06,17.4,7953668,17.2375,17.415,16.75
2013/06/05,17.19,7939816,17.6875,17.89,17.13
2013/06/04,17.875,5772828,18.25,18.475,17.645
2013/06/03,18.1475,9275120,18.0825,18.1575,17.45
2013/05/31,18.0425,5133816,18.3425,18.772,18.005
2013/05/30,18.5725,3584908,18.28,18.815,18.28
2013/05/29,18.275,6650468,18.325,18.475,17.9625
2013/05/28,18.555,6720412,18.815,19.025,18.375
2013/05/24,18.18,2822420,17.85,18.1925,17.7
2013/05/23,18.19,6072220,17.8625,18.39,17.75
2013/05/22,18.39,13205668,18.91,19.355,18.0575
2013/05/21,18.85,6704472,18.7677,19.045,18.5575
2013/05/20,18.78,6303860,18.7175,18.9614,18.555
2013/05/17,18.865,6249336,18.61,18.885,18.4425
2013/05/16,18.3475,6474248,18.4525,18.7173,18.305
2013/05/15,18.415,5468392,18.1975,18.4475,18.0475
2013/05/14,18.28,5577076,18.0125,18.4475,18.0075
2013/05/13,18.015,5553364,17.8575,18.135,17.8
2013/05/10,17.945,5292468,17.7225,17.9625,17.6422
2013/05/09,17.645,4616236,17.5775,17.975,17.5175
2013/05/08,17.7075,3554100,17.3925,17.7338,17.3343
2013/05/07,17.435,4338056,17.56,17.5975,17.255
2013/05/06,17.4775,4041676,17.355,17.5525,17.3175
2013/05/03,17.255,5582988,17.165,17.4225,17.1375
2013/05/02,16.6725,4062880,16.1525,16.785,16.115
2013/05/01,16.09,5357940,16.2975,16.39,15.98
2013/04/30,16.298,5161684,16.02,16.3125,15.8375
2013/04/29,15.9475,5694496,15.6675,16.1325,15.6675
2013/04/26,15.535,3828132,15.57,15.665,15.3325
2013/04/25,15.6675,8021084,15.5675,15.85,15.54
2013/04/24,15.4175,9336576,15.335,15.595,15.2325
2013/04/23,15.455,11367652,15.2875,15.6075,15.045
2013/04/22,15.0125,6707056,14.725,15.175,14.5675
2013/04/19,14.565,7624512,14.0975,14.665,14.0175
2013/04/18,13.985,10460152,14.7398,14.74,13.815
2013/04/17,14.6165,13150796,15.1075,15.1175,14.3425
2013/04/16,15.525,8071424,15.1975,15.565,15.09
2013/04/15,14.9025,8490520,15.67,15.7625,14.875
2013/04/12,15.8675,9106548,15.7825,15.8975,15.5025
2013/04/11,15.885,6980072,15.805,16.0075,15.75
2013/04/10,15.9125,7600936,15.19,15.98,15.1725
2013/04/09,15.0325,13859132,14.865,15.215,14.655
2013/04/08,14.7425,9316724,14.5325,14.7525,14.4025
2013/04/05,14.52,14094952,14.1825,14.5775,14.0775
2013/04/04,14.885,7913788,14.8625,14.9925,14.645
2013/04/03,14.8775,7382196,15.315,15.375,14.7625
2013/04/02,15.2825,14072712,15.1425,15.435,15.1175
2013/04/01,14.945,10401024,15.2875,15.325,14.82
2013/03/28,15.24,11110348,15.1425,15.3,15.0375
2013/03/27,15.1525,7991456,14.7875,15.1725,14.7125
2013/03/26,15.0725,5159440,15.02,15.0925,14.9125
2013/03/25,14.845,9537180,15.145,15.24,14.6275
2013/03/22,14.9975,5953204,14.76,15.035,14.715
2013/03/21,14.595,8941048,14.7,14.795,14.48
2013/03/20,15.0775,6390008,15.0975,15.1875,14.89
2013/03/19,14.795,11977120,14.9975,15.0875,14.3875
2013/03/18,14.855,8946648,14.5675,15.0475,14.4625
2013/03/15,14.9575,6661880,15.125,15.16,14.8575
2013/03/14,15.1,6430668,15.1075,15.1925,15.0007
2013/03/13,14.9475,6701008,15.05,15.1225,14.795
2013/03/12,14.995,7420896,15.045,15.1425,14.795
2013/03/11,15.18,5160740,14.9975,15.185,14.85
2013/03/08,15.025,7069160,15.145,15.2046,14.8675
2013/03/07,15.0075,4594260,14.92,15.06,14.8425
2013/03/06,14.8775,8650440,15.125,15.1375,14.815
2013/03/05,14.9725,9491068,14.621,15.0375,14.605
2013/03/04,14.3425,6290144,14.02,14.35,13.9675
2013/03/01,14.16,5133720,13.8425,14.225,13.635
2013/02/28,14.015,6807040,14.0675,14.3825,14.005
2013/02/27,14.0675,7120816,13.67,14.3225,13.605
2013/02/26,13.6525,7018820,13.5725,13.7319,13.29
2013/02/25,13.49,9996292,14.2975,14.4375,13.4675
2013/02/22,14.0125,5513008,13.8475,14.0225,13.7
2013/02/21,13.6125,11033156,13.9175,13.95,13.4625
2013/02/20,14.07,6809584,14.74,14.75,14.07
2013/02/19,14.7425,5303380,14.53,14.7575,14.5075
2013/02/15,14.4275,4933512,14.5725,14.6675,14.315
2013/02/14,14.5525,5708200,14.3825,14.63,14.3525
2013/02/13,14.5825,7783224,14.545,14.74,14.4454
2013/02/12,14.415,5399408,14.56,14.635,14.385
2013/02/11,14.585,4617904,14.6225,14.6396,14.4625
2013/02/08,14.59,8496116,14.3873,14.6825,14.355
2013/02/07,14.16,9100360,14.1675,14.2075,13.6975
2013/02/06,14.125,10457024,14.1125,14.313,13.9975
2013/02/05,14.2575,11664172,13.8275,14.385,13.7425
2013/02/04,13.6575,11425940,14.1475,14.2825,13.65
2013/02/01,14.39,11919360,14.215,14.485,14.045
2013/01/31,13.9325,8467856,14,14.2175,13.8825
2013/01/30,14.0225,6626280,14.1925,14.3,13.9175
2013/01/29,14.1,8912004,14.0425,14.194,13.7662
2013/01/28,14.1,10399316,14.0175,14.24,13.96
2013/01/25,14,7100036,13.9375,14.125,13.85
2013/01/24,13.795,10246108,13.805,14.19,13.7325
2013/01/23,14.3675,9129112,14.365,14.5125,14.305
2013/01/22,14.1378,10501104,14.1175,14.1552,13.8525
2013/01/18,14.08,8583088,14.0225,14.105,13.8725
2013/01/17,14.16,9608196,14.1325,14.32,14.06
2013/01/16,13.945,6342272,13.87,14.1,13.7825
2013/01/15,13.79,9024632,13.805,13.8525,13.61
2013/01/14,13.9975,6132148,13.955,14.115,13.82
2013/01/11,14.18,4407872,14.1125,14.2075,14.0325
2013/01/10,14.1275,9747240,14.1575,14.201,13.75
2013/01/09,13.8825,6387856,13.7875,13.9925,13.7575
2013/01/08,13.7425,7287784,13.805,13.91,13.515
2013/01/07,13.8225,7617320,13.6875,13.875,13.565
2013/01/04,13.8075,6339932,13.955,13.955,13.705
2013/01/03,13.945,12946972,14.1475,14.2425,13.8075
2013/01/02,14.15,14728856,13.875,14.17,13.7303
2012/12/31,12.9425,17567816,12.0925,13.005,12.04
2012/12/28,12.15,6825816,12.255,12.525,12.15
2012/12/27,12.5125,12821824,12.6025,12.655,12.0475
2012/12/26,12.5825,6595420,12.9275,12.9775,12.455
2012/12/24,12.8875,2188856,12.93,12.9522,12.8275
2012/12/21,12.9975,14025016,12.7975,13.0425,12.625
2012/12/20,13.415,12093144,13.49,13.51,13.2175
2012/12/19,13.405,15052480,13.71,13.725,13.395
2012/12/18,13.6,19008500,13.1975,13.6575,13.0925
2012/12/17,12.9975,8043696,12.53,13.01,12.4848
2012/12/14,12.51,11413440,12.63,12.7325,12.375
2012/12/13,12.875,14096212,13.11,13.3825,12.7025
2012/12/12,13.1725,12550360,13.47,13.475,13.075
2012/12/11,13.2625,14373560,13.0575,13.485,13.005
2012/12/10,12.77,8764444,12.5625,12.965,12.555
2012/12/07,12.6575,10031168,13.09,13.1225,12.5325
2012/12/06,12.8775,12760368,12.53,12.9898,12.425
2012/12/05,12.645,18192196,13.03,13.0325,12.4338
2012/12/04,13.0475,14030980,13.1375,13.1625,12.825
2012/12/03,13.1325,14033336,13.4975,13.5275,13.0925
2012/11/30,13.1975,9515424,13.25,13.285,13.0675
2012/11/29,13.245,10381608,13.225,13.3863,13.0575
2012/11/28,13.02,11705720,12.5048,13.045,12.2725
2012/11/27,12.68,14988240,12.8,12.95,12.63
2012/11/26,12.825,8140492,12.575,12.8375,12.45
2012/11/23,12.6625,5388216,12.3275,12.6625,12.295
2012/11/21,12.1075,6587780,12.055,12.16,11.9225
2012/11/20,12.0225,9100868,12.0175,12.0825,11.6875
2012/11/19,12.02,14395756,11.5875,12.0488,11.58
2012/11/16,11.2125,15522420,11.1,11.315,10.695
2012/11/15,11.0875,12932204,11.2125,11.3325,10.9575
2012/11/14,11.1875,12281688,11.7675,11.81,11.14
2012/11/13,11.6025,14309448,11.5825,11.9425,11.495
2012/11/12,11.86,6842208,12.0675,12.1025,11.7525
2012/11/09,11.8425,18189568,11.7325,12.2375,11.71
2012/11/08,11.715,12892824,12.375,12.4775,11.715
2012/11/07,12.29,15983208,12.815,12.85,12.1275
2012/11/06,13.24,7607292,13.2175,13.4975,13.08
2012/11/05,13.16,6260540,12.9175,13.23,12.825
2012/11/02,12.845,7634532,13.5125,13.5325,12.845
2012/11/01,13.3325,7652988,13.0225,13.4075,12.9225
2012/10/31,12.79,6172968,12.9875,13.045,12.65
2012/10/26,13.0425,8012028,12.925,13.185,12.615
2012/10/25,12.9075,9696108,13.19,13.245,12.7975
2012/10/24,12.9075,8614996,13.2775,13.3421,12.86
2012/10/23,13.0375,11751604,13.12,13.4,12.9325
2012/10/22,13.435,8788148,13.2,13.5425,13.13
2012/10/19,13.2275,11876660,14.21,14.2325,13.1875
2012/10/18,14.2575,7223076,14.6325,14.7725,14.1
2012/10/17,14.7625,5557744,14.575,14.9125,14.515
2012/10/16,14.8075,5942884,14.2675,14.85,14.2525
2012/10/15,14.19,4840184,14.0575,14.2525,13.805
2012/10/12,13.9125,4545788,13.93,14.1325,13.82
2012/10/11,13.915,5931992,14.38,14.3875,13.89
2012/10/10,14.04,6473908,14.26,14.37,13.975
2012/10/09,14.2125,7588852,14.8475,14.8625,14.16
2012/10/08,14.9825,4368328,15.1375,15.2275,14.8725
2012/10/05,15.39,4851344,15.89,15.95,15.285
2012/10/04,15.66,6345440,15.5875,15.7825,15.4225
2012/10/03,15.4803,6659064,15.33,15.5675,15.145
2012/10/02,15.1925,6874408,15.28,15.41,14.855
2012/10/01,15.095,6520580,15.375,15.6425,14.93
2012/09/28,15.16,6581472,15.365,15.5125,15.1
2012/09/27,15.5325,7634404,15.0125,15.63,14.945
2012/09/26,14.9,10192580,15.215,15.2471,14.68
2012/09/25,15.3025,6380976,16.0875,16.1875,15.2625
2012/09/24,15.9425,5827756,15.835,16.04,15.7375
2012/09/21,16.2425,6043816,16.48,16.5125,16.2
2012/09/20,16.2425,6033396,16.0425,16.2725,15.9175
2012/09/19,16.28,5729840,16.19,16.4025,16.045
2012/09/18,16.1725,4186580,16.02,16.2075,16.02
2012/09/17,16.1425,6343752,16.165,16.165,15.975
2012/09/14,16.1125,11929884,15.9,16.3,15.865
2012/09/13,15.7103,9733812,15.1475,15.9075,15.085
2012/09/12,15.1075,6411556,15.1225,15.2175,14.8225
2012/09/11,14.9775,5844924,15.035,15.215,14.895
2012/09/10,15.0425,6269840,15.5225,15.6125,15.0075
2012/09/07,15.6175,4569600,15.605,15.7175,15.5075
2012/09/06,15.685,6442840,14.9975,15.715,14.99
2012/09/05,14.7125,4200668,14.7475,14.94,14.6075
2012/09/04,14.78,6223464,14.7525,14.9375,14.3375
2012/08/31,14.8425,7032932,14.85,15.005,14.3825
2012/08/30,14.5325,5177748,14.79,14.805,14.4603
2012/08/29,14.99,3069384,15.0025,15.1,14.7975
2012/08/28,14.985,3652252,14.94,15.105,14.795
2012/08/27,14.9875,3140676,15.11,15.1625,14.885
2012/08/24,14.915,4262092,14.53,15.02,14.4675
2012/08/23,14.655,4568344,14.82,14.945,14.525
2012/08/22,14.9875,4738916,14.715,15.0975,14.605
2012/08/21,14.8275,9092608,15.145,15.3066,14.65
2012/08/20,15,3828280,14.915,15.01,14.735
2012/08/17,14.9425,4732736,14.8375,14.9425,14.7425
2012/08/16,14.74,5788068,14.4025,14.845,14.343
2012/08/15,14.23,2985236,14.095,14.295,14.085
2012/08/14,14.13,4583332,14.27,14.355,14.0125
2012/08/13,14.11,2986416,14.015,14.11,13.7875
2012/08/10,14.025,3885316,13.8525,14.025,13.7325
2012/08/09,13.9675,3228816,13.855,14.0375,13.7825
2012/08/08,13.85,3580296,13.77,13.9525,13.7075
2012/08/07,13.8725,5767788,13.74,14.045,13.66
2012/08/06,13.5375,5315436,13.4575,13.7175,13.3699
2012/08/03,13.24,8126092,13.14,13.51,13.0025
2012/08/02,12.5275,6906316,12.3625,12.9075,12.2525
2012/08/01,12.66,6286944,13.05,13.0575,12.525
2012/07/31,12.785,5529916,12.855,13.0002,12.745
2012/07/30,12.7775,7634540,12.9225,13.085,12.6625
2012/07/27,12.855,11304152,12.23,12.8825,12.125
2012/07/26,11.95,9609992,12.0175,12.175,11.7575
2012/07/25,11.5,8133844,11.4925,11.745,11.305
2012/07/24,11.7625,10401324,12.105,12.1525,11.5275
2012/07/23,12.0375,9161356,11.765,12.17,11.49
2012/07/20,12.5,6863400,13.01,13.01,12.475
2012/07/19,13,8943308,12.86,13.125,12.7875
2012/07/18,12.59,7806376,12.0225,12.7,12.02
2012/07/17,12.0983,7229056,12.1325,12.22,11.5901
2012/07/16,11.915,4530704,11.94,12.0925,11.775
2012/07/13,12.005,5876008,11.5925,12.095,11.57
2012/07/12,11.505,8962764,11.5575,11.6375,11.1775
2012/07/11,11.8475,9208708,11.99,12.08,11.535
2012/07/10,12.0125,7194068,12.5975,12.6875,11.8875
2012/07/09,12.3925,3998884,12.42,12.5475,12.2125
2012/07/06,12.435,6045600,12.7725,12.795,12.1923
2012/07/05,12.945,4937060,12.89,13.135,12.68
2012/07/03,12.9,3875564,12.6225,12.92,12.565
2012/07/02,12.6,5208640,12.5375,12.625,12.325
2012/06/29,12.5,10268400,12.075,12.5,11.9625
2012/06/28,11.3875,8711608,11.54,11.57,11.05
2012/06/27,11.8125,4874392,11.7325,11.965,11.6975
2012/06/26,11.601,5687132,11.495,11.6975,11.345
2012/06/25,11.3798,5585040,11.787,11.8,11.2875
2012/06/22,12.0975,5834620,11.8275,12.1375,11.7476
2012/06/21,11.7325,6475456,12.6325,12.6825,11.6825
2012/06/20,12.6825,8100080,12.7075,12.8272,12.3775
2012/06/19,12.6375,6769960,12.44,12.79,12.4225
2012/06/18,12.235,7359568,11.795,12.3424,11.7225
2012/06/15,11.9275,7030120,11.5825,11.9675,11.575
2012/06/14,11.5025,5473236,11.3625,11.625,11.1825
2012/06/13,11.375,4041576,11.5125,11.7725,11.2475
2012/06/12,11.6025,5622132,11.34,11.6225,11.1375
2012/06/11,11.2475,7556860,12.0575,12.09,11.1825
2012/06/08,11.8125,5262176,11.4025,11.845,11.2951
2012/06/07,11.475,7139440,11.9525,11.965,11.435
2012/06/06,11.605,7143012,11.115,11.63,11.075
2012/06/05,10.8625,8129720,10.6175,10.92,10.6025
2012/06/04,10.715,9513580,10.5825,10.775,10.2975
2012/06/01,10.49,9339052,10.795,10.99,10.48
2012/05/31,11.385,6919824,11.51,11.595,11.1375
2012/05/30,11.55,5187700,11.525,11.675,11.3325
2012/05/29,11.8371,5888328,11.7375,12.01,11.5375
2012/05/25,11.4125,2603996,11.4975,11.5525,11.3125
2012/05/24,11.4775,6423344,11.75,11.7775,11.2
2012/05/23,11.6875,6734408,11.335,11.7775,11.0325
2012/05/22,11.6225,8037412,11.7525,11.9075,11.365
2012/05/21,11.665,8592720,10.8225,11.6925,10.7875
2012/05/18,10.76,11734300,11.315,11.39,10.7325
2012/05/17,11.21,10845016,11.965,12.0175,11.205
2012/05/16,11.945,6168776,12.34,12.44,11.8825
2012/05/15,12.21,6299264,12.4575,12.725,12.14
2012/05/14,12.3175,6849732,12.3625,12.6175,12.2675
2012/05/11,12.6675,4007188,12.5275,13.0825,12.5225
2012/05/10,12.68,8402496,12.9388,12.95,12.54
2012/05/09,12.8112,11224648,12.4438,12.9738,12.2762
2012/05/08,12.8825,11517720,12.7762,13.015,12.2563
2012/05/07,13.0262,8793528,12.76,13.2163,12.7463
2012/05/04,13.0075,7581064,13.6538,13.7188,13
2012/05/03,14.0375,4189336,14.5375,14.5663,13.9375
2012/05/02,14.4875,3215560,14.16,14.54,14.0787
2012/05/01,14.3925,4356816,14.2325,14.8613,14.2137
2012/04/30,14.3112,4002808,14.485,14.5787,14.28
2012/04/27,14.615,4370176,14.545,14.7662,14.3212
2012/04/26,14.3688,5924448,14.0963,14.4663,14.0625
2012/04/25,14.1163,6344936,13.89,14.1425,13.8275
2012/04/24,13.0775,5355448,13.2288,13.3837,12.9138
2012/04/23,13.3125,5839128,13.305,13.3562,12.9313
2012/04/20,13.6563,7125088,14.005,14.1925,13.6088
2012/04/19,13.805,8287512,14.1163,14.625,13.6313
2012/04/18,14.2662,5332608,14.2425,14.5138,14.1349
2012/04/17,14.3713,7864920,13.74,14.5011,13.665
2012/04/16,13.5712,8345280,14.2463,14.2538,13.425
2012/04/13,14.0129,7636528,14.5288,14.5413,14.0013
2012/04/12,14.6763,7411848,14.2838,14.7349,14.2312
2012/04/11,14.2,7015576,14.385,14.4812,14.0963
2012/04/10,13.9975,12213736,14.68,14.86,13.8625
2012/04/09,14.7075,5987512,14.4812,14.895,14.4138
2012/04/05,15.0538,6440584,14.7025,15.0907,14.665
2012/04/04,14.7838,8546616,15.0513,15.085,14.5188
2012/04/03,15.4125,6976632,15.4788,15.6213,15.1488
2012/04/02,15.4113,5223168,14.9138,15.48,14.8372
2012/03/30,14.955,5265280,15.25,15.2675,14.7769
2012/03/29,15.06,7175440,15.0013,15.2111,14.7213
2012/03/28,15.2163,7918728,15.425,15.6013,14.945
2012/03/27,15.3963,7463648,15.3538,15.59,15.3475
2012/03/26,15.3375,6604744,14.8475,15.3375,14.8313
2012/03/23,14.5763,6561720,14.6538,14.6637,14.325
2012/03/22,14.5963,8871752,14.4231,14.6988,14.415
2012/03/21,14.685,6523360,14.7037,14.9325,14.6313
2012/03/20,14.69,7678272,14.3863,14.7363,14.2677
2012/03/19,14.61,7998112,14.37,14.7063,14.2688
2012/03/16,14.2988,5743984,14.4,14.4025,14.2037
2012/03/15,14.33,8187936,14.3387,14.4187,14.1288
2012/03/14,14.2213,10126864,14.105,14.3688,13.955
2012/03/13,14.0638,7966360,13.5475,14.0663,13.4588
2012/03/12,13.3138,6311632,13.2762,13.3613,13.1213
2012/03/09,13.2925,6454600,13.2113,13.3737,13.18
2012/03/08,13.1337,5190256,12.9462,13.25,12.875
2012/03/07,12.73,7798168,12.62,12.8125,12.565
2012/03/06,12.4475,8973120,12.455,12.525,12.2425
2012/03/05,12.815,10178040,13.2137,13.2563,12.6925
2012/03/02,13.2275,6922848,13.2225,13.36,13.1075
2012/03/01,13.2675,9740880,13.1038,13.2988,12.9888
2012/02/29,12.9525,11082040,13.165,13.2875,12.8325
2012/02/28,13.125,7998688,12.77,13.125,12.7312
2012/02/27,12.7438,7700328,12.465,12.865,12.3188
2012/02/24,12.6825,5606528,12.665,12.7563,12.598
2012/02/23,12.56,8742104,12.3688,12.5988,12.1875
2012/02/22,12.3263,5222976,12.415,12.5238,12.2662
2012/02/21,12.4913,6842504,12.4338,12.65,12.255
2012/02/17,12.3863,6734264,12.5038,12.5338,12.225
2012/02/16,12.4925,10489832,12.0275,12.5425,11.9288
2012/02/15,11.9913,15984744,12.4413,12.6412,11.9513
2012/02/14,12.265,7221784,12.09,12.265,11.9675
2012/02/13,12.1593,6625240,12.105,12.2137,11.9513
2012/02/10,11.84,8116800,11.8425,11.94,11.7175
2012/02/09,12.0988,6351392,11.965,12.1375,11.7638
2012/02/08,11.8363,6428864,11.66,11.8363,11.5341
2012/02/07,11.6425,5422640,11.5625,11.7225,11.405
2012/02/06,11.5925,5451144,11.4725,11.5938,11.3925
2012/02/03,11.6038,6450312,11.4688,11.6438,11.4088
2012/02/02,11.16,6037504,11.155,11.26,11.0225
2012/02/01,11.0463,7316768,10.9663,11.1663,10.8625
2012/01/31,10.7813,8241656,10.8975,10.9613,10.5819
2012/01/30,10.7438,7017256,10.4525,10.7875,10.3295
2012/01/27,10.7263,7032080,10.56,10.7725,10.5425
2012/01/26,10.6213,7794968,10.8725,10.9313,10.4713
2012/01/25,10.735,8437480,10.6663,10.8125,10.4288
2012/01/24,10.34,3942216,10.265,10.4288,10.2088
2012/01/23,10.3975,5735664,10.3963,10.6225,10.225
2012/01/20,10.3988,3336688,10.305,10.4075,10.2863
2012/01/19,10.445,9431728,10.385,10.4963,10.3387
2012/01/18,10.24,8905384,9.92,10.25,9.8637
2012/01/17,9.8488,5374608,9.86,9.9787,9.75
2012/01/13,9.5913,6463040,9.5525,9.6034,9.3488
2012/01/12,9.7025,6428064,9.665,9.7375,9.4462
2012/01/11,9.5887,5714776,9.5225,9.65,9.42
2012/01/10,9.5225,6545360,9.6325,9.7075,9.4575
2012/01/09,9.3313,6370424,9.4875,9.5025,9.2375
2012/01/06,9.41,8645504,9.3387,9.4787,9.2238
2012/01/05,9.3138,5782536,9.0437,9.3438,8.9375
2012/01/04,9.09,4982384,8.94,9.1337,8.825
2012/01/03,8.9825,8422568,8.9775,9.1175,8.9225
2011/12/30,8.4987,4813024,8.5188,8.6295,8.4938
2011/12/29,8.5687,5638872,8.4288,8.5887,8.3575
2011/12/28,8.405,8344808,8.6625,8.6937,8.3225
2011/12/27,8.6837,5820824,8.585,8.775,8.55
2011/12/23,8.6175,4615648,8.4475,8.6188,8.3987
2011/12/22,8.4,8361616,8.2325,8.4125,8.21
2011/12/21,8.2,14310056,8.41,8.41,7.9
2011/12/20,8.5563,11146976,8.2312,8.5823,8.2312
2011/12/19,7.8587,8295280,8.1925,8.245,7.7975
2011/12/16,8.0825,11705072,8.1137,8.425,8.06
2011/12/15,7.9825,12786432,8.2725,8.275,7.9425
2011/12/14,8.045,17077104,8.3362,8.3625,7.9025
2011/12/13,8.4375,9636232,8.8987,9.0038,8.3283
2011/12/12,8.7325,8929840,8.75,8.7587,8.5
2011/12/09,9.0288,8175360,8.6962,9.1088,8.6738
2011/12/08,8.62,10805896,8.9,9.105,8.5663
2011/12/07,9.0825,6415528,9,9.1995,8.7225
2011/12/06,9.0687,5827576,9.1825,9.25,8.9875
2011/12/05,9.1387,7879896,9.2737,9.3325,9
2011/12/02,8.8488,5377640,9.1975,9.2037,8.84
2011/12/01,8.9337,7643960,8.7562,9.0038,8.7338
2011/11/30,8.7462,10092880,8.5262,8.7762,8.4537
2011/11/29,7.8812,9740992,8.0013,8.2012,7.82
2011/11/28,8.0262,10933072,7.8075,8.0625,7.8025
2011/11/25,7.275,5147984,7.3625,7.6112,7.275
2011/11/23,7.4437,12908960,7.81,7.8325,7.4375
2011/11/22,7.9737,13359856,7.8362,8.0612,7.7101
2011/11/21,7.905,11320800,8.0675,8.0838,7.6588
2011/11/18,8.3925,9758632,8.5975,8.625,8.3475
2011/11/17,8.5988,18570776,9.1675,9.175,8.425
2011/11/16,9.2338,10047032,9.505,9.7266,9.1875
2011/11/15,9.7125,9169592,9.3387,9.8325,9.3
2011/11/14,9.41,4711760,9.5162,9.67,9.3012
2011/11/11,9.5725,7147192,9.3212,9.6662,9.2788
2011/11/10,9.0638,7412144,9.3675,9.3875,8.8125
2011/11/09,9.1013,9255592,9.5612,9.6113,9.0278
2011/11/08,10.1512,8575008,10.0325,10.21,9.7018
2011/11/07,9.8238,9292456,9.6113,9.8425,9.3125
2011/11/04,9.61,6589664,9.6175,9.7387,9.3263
2011/11/03,9.7613,11556456,9.4262,9.8063,9.1
2011/11/02,9.2012,10136160,9.2387,9.3142,8.9488
2011/11/01,8.98,16364624,9.0313,9.2375,8.8212
2011/10/31,9.7338,6568568,9.9675,10.0905,9.7137
2011/10/28,10.2413,5298312,10.02,10.2813,10.02
2011/10/27,10.2075,13757168,10.105,10.375,9.81
2011/10/26,9.4462,15979736,9.625,9.6825,8.9075
2011/10/25,9.4838,8362768,9.9462,9.965,9.3987
2011/10/24,10.0538,8174056,9.5738,10.13,9.5426
2011/10/21,9.4625,7846072,9.4138,9.64,9.2137
2011/10/20,9.1375,8464864,9.2338,9.28,8.7312
2011/10/19,9.255,10090024,9.695,9.7587,9.1689
2011/10/18,9.8212,11704888,9.4437,9.9812,9.1713
2011/10/17,9.4775,45471840,9.7963,9.8887,9.32
2011/10/14,9.9375,7974800,9.7762,9.9375,9.615
2011/10/13,9.4187,7786360,9.1175,9.4537,9.0862
2011/10/12,9.1725,10785120,9.2963,9.4688,9.1425
2011/10/11,9.0275,8372112,8.7775,9.09,8.735
2011/10/10,8.8387,9035016,8.425,8.8387,8.39
2011/10/07,8.0162,12014488,8.1613,8.2813,7.8625
2011/10/06,8.185,19018512,7.775,8.185,7.6612
2011/10/05,7.785,21675376,7.185,7.8563,7.0187
2011/10/04,7.235,28677696,6.6075,7.2787,6.4063
2011/10/03,6.82,17096960,7.19,7.54,6.81
2011/09/30,7.4,11974440,7.7062,7.8825,7.375
2011/09/29,8.0237,14016632,8.6862,8.7072,7.595
2011/09/28,8.2688,11211576,8.8,8.9704,8.2438
2011/09/27,8.6775,10786872,8.8625,9.075,8.512
2011/09/26,8.42,10281920,8.27,8.465,7.725
2011/09/23,8.1438,10894664,7.6963,8.2438,7.68
2011/09/22,7.8975,13977424,8.0838,8.3038,7.5125
2011/09/21,8.7487,9747280,9.3613,9.5025,8.7417
2011/09/20,9.2175,9943480,9.485,9.7112,9.1587
2011/09/19,9.35,10295040,8.9962,9.4936,8.76
2011/09/16,9.3262,10258264,9.16,9.3649,9.0975
2011/09/15,9.0887,9795664,8.995,9.1312,8.7225
2011/09/14,8.6937,9725800,8.4787,8.9875,8.22
2011/09/13,8.3338,11660648,8.115,8.395,8.0025
2011/09/12,8.0225,9958760,7.4775,8.04,7.4618
2011/09/09,7.7325,8650616,8.125,8.2137,7.5775
2011/09/08,8.2775,8293360,8.26,8.6305,8.2037
2011/09/07,8.3938,6655136,8.1425,8.4,8.0756
2011/09/06,7.8038,7077400,7.2538,7.8386,7.2
2011/09/02,7.805,6421984,7.92,8.0437,7.6712
2011/09/01,8.3925,8242608,8.6925,8.8938,8.3438
2011/08/31,8.6363,10684928,8.745,8.9488,8.4113
2011/08/30,8.5862,9538048,8.325,8.7363,8.1875
2011/08/29,8.415,9435560,8,8.4437,8
2011/08/26,7.755,9244968,7.1675,7.8438,6.9463
2011/08/25,7.2325,6350040,7.5812,7.6887,7.1525
2011/08/24,7.5975,8209440,7.3838,7.64,7.185
2011/08/23,7.4225,11912600,6.7462,7.4275,6.6688
2011/08/22,6.605,9010488,7.0062,7.0213,6.5512
2011/08/19,6.5462,11970064,6.6988,7.2025,6.525
2011/08/18,6.935,13678736,7.45,7.4525,6.7112
2011/08/17,8.1113,8837640,8.295,8.4925,7.86
2011/08/16,8.245,6267184,8.2325,8.465,7.9225
2011/08/15,8.4625,6311176,8.2137,8.465,8.1013
2011/08/12,8.1125,10428816,8.0913,8.2562,7.8087
2011/08/11,7.9112,11930936,7.2838,8.1512,7.1952
2011/08/10,7.0113,13461656,7.4162,7.7629,6.97
2011/08/09,7.9488,17743696,7.2675,7.9737,6.6988
2011/08/08,6.9913,15917864,7.7337,8.1542,6.975
2011/08/05,8.4812,13241328,8.96,9.0712,7.7713
2011/08/04,8.6725,12169384,9.625,9.6725,8.67
2011/08/03,10.0388,7315648,9.81,10.0887,9.3075
2011/08/02,9.785,7372344,10.4275,10.57,9.7438
2011/08/01,10.5887,8221880,11.1225,11.18,10.2
2011/07/29,10.7338,6235776,10.5725,11.0675,10.4213
2011/07/28,10.8387,5134624,10.8013,11.2425,10.6738
2011/07/27,10.7813,6000384,11.4537,11.4749,10.7
2011/07/26,11.6663,4304496,11.5638,11.8075,11.5087
2011/07/25,11.6025,3337264,11.3825,11.7873,11.3263
2011/07/22,11.6717,3805136,11.31,11.7163,11.2775
2011/07/21,11.32,5466856,11.1288,11.5,10.95
2011/07/20,11.095,4446112,11.4313,11.4375,11.05
2011/07/19,11.2525,5982392,10.8275,11.2688,10.825
2011/07/18,10.5113,3520248,10.5275,10.6475,10.2125
2011/07/15,10.6875,4016096,10.6325,10.6875,10.4125
2011/07/14,10.2788,5129904,10.7388,10.8763,10.1575
2011/07/13,10.645,4726168,10.7388,10.965,10.5335
2011/07/12,10.505,4192824,10.7525,10.8225,10.49
2011/07/11,10.7675,5641352,11.03,11.1913,10.6475
2011/07/08,11.3775,6084488,11.1813,11.3813,10.999
2011/07/07,11.4725,4446808,11.2688,11.5688,11.2288
2011/07/06,11.0262,3325864,10.8825,11.0725,10.775
2011/07/05,10.91,3053360,10.7913,10.945,10.7225
2011/07/01,10.755,3196232,10.3125,10.795,10.2231
2011/06/30,10.2788,3767888,10.0063,10.3088,9.9887
2011/06/29,9.9025,2850192,9.8663,9.95,9.6875
2011/06/28,9.78,2401904,9.4275,9.7849,9.3925
2011/06/27,9.36,3089224,8.9688,9.4825,8.9175
2011/06/24,8.9262,3918384,9.2825,9.3112,8.8825
2011/06/23,9.4225,4820328,8.8675,9.435,8.785
2011/06/22,9.1687,2590672,9.255,9.4175,9.1625
2011/06/21,9.38,3086528,8.9075,9.3975,8.7888
2011/06/20,8.7937,1966568,8.5938,8.8825,8.5938
2011/06/17,8.6788,3748568,8.9913,9.025,8.6026
2011/06/16,8.7438,3547472,8.8725,8.9563,8.5262
2011/06/15,8.8675,3720936,9.1263,9.2888,8.8063
2011/06/14,9.38,2433864,9.2475,9.4588,9.245
2011/06/13,9.0437,2454272,9.0762,9.1825,8.9525
2011/06/10,9.0375,2320776,9.3438,9.4075,9.0237
2011/06/09,9.4725,1835480,9.435,9.6075,9.3471
2011/06/08,9.4313,3894856,9.5725,9.6225,9.35
2011/06/07,9.6387,2326920,9.77,9.8824,9.6212
2011/06/06,9.695,2226832,9.8887,10.015,9.6836
2011/06/03,9.935,3389120,10.0425,10.2713,9.9
2011/06/02,10.4075,1948936,10.3938,10.5063,10.2359
2011/06/01,10.3475,3841136,10.9812,11.0513,10.3175
2011/05/31,11.0538,2303880,10.85,11.0538,10.6788
2011/05/27,10.5463,1460160,10.4425,10.5775,10.42
2011/05/26,10.3912,1961656,10.1,10.4763,10.1
2011/05/25,10.2,2246408,10.0388,10.3413,10.0325
2011/05/24,10.0875,2820912,10.36,10.36,10.085
2011/05/23,10.2813,3221896,10.3063,10.3943,10.1285
2011/05/20,10.7475,1818536,10.9525,10.995,10.7078
2011/05/19,10.99,2192224,11.0225,11.0638,10.8025
2011/05/18,10.8963,1773520,10.5988,10.9588,10.555
2011/05/17,10.6375,3737240,10.3925,10.6438,10.3288
2011/05/16,10.5513,3321248,10.9838,11.0712,10.4775
2011/05/13,11.1299,3083424,11.4613,11.5141,11.1188
2011/05/12,11.5388,2513696,11.22,11.5862,11.0388
2011/05/11,11.3387,2695720,11.5538,11.6641,11.105
2011/05/10,11.5887,2306112,11.41,11.6375,11.3488
2011/05/09,11.2988,1744336,11.23,11.4362,11.1113
2011/05/06,11.1775,3201464,11.4187,11.5987,11.0887
2011/05/05,11.0813,3989248,11.085,11.4738,10.9588
2011/05/04,11.25,3410968,11.315,11.4113,10.9825
2011/05/03,11.3163,2174960,11.4525,11.485,11.1011
2011/05/02,11.4888,2244544,11.6013,11.675,11.3867
2011/04/29,11.5513,2184360,11.5175,11.6363,11.4688
2011/04/28,11.6075,2750984,11.5113,11.6125,11.4185
2011/04/27,11.625,2606008,11.4375,11.6538,11.295
2011/04/26,11.3888,1866336,11.2875,11.5,11.2188
2011/04/25,11.1962,1888816,11.1538,11.2125,11.0775
2011/04/21,11.1138,2706208,11.1775,11.1813,11.0138
2011/04/20,10.8387,5452888,10.6988,10.8795,10.6625
2011/04/19,10.1625,4467448,10.045,10.1625,9.8975
2011/04/18,9.9825,5234072,9.8837,9.9875,9.48
2011/04/15,10.1788,6236088,10.125,10.3125,9.9975
2011/04/14,10.245,2826696,10.0863,10.2925,9.9625
2011/04/13,10.3013,2951248,10.2788,10.3863,10.062
2011/04/12,10.0612,2773392,10.1188,10.195,9.9313
2011/04/11,10.2638,2336232,10.4775,10.5488,10.1613
2011/04/08,10.3575,2102192,10.66,10.6975,10.2013
2011/04/07,10.515,2994960,10.525,10.7161,10.2981
2011/04/06,10.5175,2766288,10.6888,10.7925,10.3525
2011/04/05,10.4388,2247184,10.48,10.65,10.3996
2011/04/04,10.5588,2600496,10.7463,10.7724,10.4113
2011/04/01,10.655,3146832,10.7913,10.895,10.5625
2011/03/31,10.6388,2350488,10.55,10.665,10.4875
2011/03/30,10.5938,2810528,10.6,10.6337,10.4575
2011/03/29,10.44,2798784,10.0875,10.4425,9.9825
2011/03/28,10.1488,3694512,10.4637,10.465,10.1363
2011/03/25,10.3238,6177960,10.3513,10.525,10.2813
2011/03/24,10.2487,5433928,9.9475,10.31,9.7775
2011/03/23,9.7199,4355736,9.4575,9.8049,9.265
2011/03/22,9.575,2680936,9.6463,9.675,9.5
2011/03/21,9.6013,3961728,9.4925,9.75,9.4525
2011/03/18,9.0938,4945368,9.4637,9.4675,9.075
2011/03/17,9.1438,4851384,9.3187,9.4375,9.135
2011/03/16,8.9113,9004888,9.3775,9.5237,8.7188
2011/03/15,9.6175,7826712,9.135,9.7825,9.0437
2011/03/14,10.0275,3277616,9.9612,10.1875,9.8013
2011/03/11,10.1263,4272056,9.7937,10.2113,9.7788
2011/03/10,9.96,7280984,10.0675,10.1563,9.8338
2011/03/09,10.4375,4043616,10.565,10.5787,10.2762
2011/03/08,10.6525,5363032,10.4825,10.805,10.3125
2011/03/07,10.5425,5723312,11.1175,11.1363,10.2475
2011/03/04,10.98,4558984,11.15,11.15,10.7627
2011/03/03,11.145,5532816,10.8238,11.2025,10.8225
2011/03/02,10.5175,4749736,10.3513,10.7312,10.3425
2011/03/01,10.3713,5114656,11.0413,11.0413,10.2813
2011/02/28,10.895,4344944,10.94,11.0473,10.6988
2011/02/25,10.8163,4453120,10.565,10.8607,10.535
2011/02/24,10.3719,6665696,10.2981,10.475,10
2011/02/23,10.2263,8086128,10.4819,10.5944,9.9913
2011/02/22,10.485,9972288,11.0388,11.125,10.4375
2011/02/18,11.4975,5340176,11.57,11.6163,11.3606
2011/02/17,11.5631,3613744,11.4025,11.625,11.3813
2011/02/16,11.5731,5877632,11.4525,11.6644,11.4356
2011/02/15,11.3631,3883312,11.3294,11.3881,11.2013
2011/02/14,11.3925,2484160,11.3188,11.445,11.2888
2011/02/11,11.3212,3938144,10.9913,11.3281,10.9375
2011/02/10,11.0938,5919936,10.8562,11.1162,10.7813
2011/02/09,11.04,5429600,11.0338,11.1313,10.9319
2011/02/08,11.1075,5580864,10.8794,11.1075,10.825
2011/02/07,10.8756,4324304,10.7869,11.0431,10.7338
2011/02/04,10.72,5662816,10.5569,10.7375,10.4613
2011/02/03,10.53,5468720,10.4313,10.5869,10.1794
2011/02/02,10.4894,3836944,10.4812,10.5975,10.4232
2011/02/01,10.5369,8476496,10.2125,10.6062,10.1738
2011/01/31,9.9825,6665152,9.8756,10.0575,9.6563
2011/01/28,9.8369,10598528,10.6431,10.6631,9.6956
2011/01/27,10.6394,4638848,10.5606,10.7281,10.5031
2011/01/26,10.4381,4140336,10.345,10.535,10.2494
2011/01/25,10.2788,3989840,10.105,10.2925,10.0313
2011/01/24,10.2431,3601264,9.8919,10.2519,9.8394
2011/01/21,9.8369,4355008,10.2137,10.275,9.83
2011/01/20,10.0669,7886064,10.175,10.2006,9.8375
2011/01/19,10.2981,6247152,10.7094,10.7094,10.1913
2011/01/18,10.655,5753824,10.3006,10.6875,10.2831
2011/01/14,10.5706,2552992,10.3413,10.5738,10.2738
2011/01/13,10.3463,5434096,10.3506,10.4093,10.2469
2011/01/12,10.3138,5587024,10.2487,10.32,10.1306
2011/01/11,10.1088,4579296,10.185,10.2069,10.0056
2011/01/10,10.0625,3585088,9.875,10.1131,9.8094
2011/01/07,9.9506,6350256,10.0244,10.0413,9.6618
2011/01/06,9.9738,4345632,9.9194,9.9969,9.8581
2011/01/05,9.8844,5119904,9.5494,9.8887,9.5369
2011/01/04,9.645,5479344,9.7813,9.7837,9.4606
2011/01/03,9.66,5560192,9.4881,9.8505,9.4869
2010/12/31,9.2425,2030384,9.3075,9.3075,9.1056
2010/12/30,9.3281,1197392,9.4025,9.405,9.2813
2010/12/29,9.3987,1894304,9.4256,9.4512,9.375
2010/12/28,9.3431,2643264,9.4537,9.4619,9.2794
2010/12/27,9.3837,2672368,9.3044,9.4375,9.1062
2010/12/23,9.38,1535408,9.4025,9.4406,9.3187
2010/12/22,9.4519,1799072,9.4431,9.4908,9.4034
2010/12/21,9.4419,1399456,9.3963,9.4462,9.3244
2010/12/20,9.2888,5253488,9.3125,9.3875,9.0875
2010/12/17,9.2637,2551216,9.265,9.3439,9.2144
2010/12/16,9.2356,3588160,9.0563,9.2837,9
2010/12/15,9.0469,3981472,9.1325,9.3025,8.9688
2010/12/14,9.14,3201056,9.1738,9.2644,9.0731
2010/12/13,9.1019,3333904,9.3256,9.3256,9.0938
2010/12/10,9.21,3673776,9.0825,9.2269,9.0081
2010/12/09,9.0206,4160016,9.1619,9.1638,8.9375
2010/12/08,9.0109,3891760,8.9763,9.0337,8.8019
2010/12/07,8.8881,6850464,9.2081,9.2087,8.8725
2010/12/06,8.88,4126432,8.8975,8.9319,8.8081
2010/12/03,8.8956,7309808,8.7156,8.9244,8.7125
2010/12/02,8.8219,5504256,8.6,8.8594,8.5781
2010/12/01,8.5619,8602704,8.4194,8.69,8.4063
2010/11/30,8.05,8362624,8.1025,8.2078,7.9594
2010/11/29,8.3681,7353984,8.3438,8.4375,8.0575
2010/11/26,8.4863,2485440,8.3912,8.5512,8.3419
2010/11/24,8.54,5391344,8.2981,8.6056,8.2879
2010/11/23,8.0687,7742944,8.2181,8.2419,7.925
2010/11/22,8.4688,6142640,8.1531,8.4688,8.1194
2010/11/19,8.2513,3891664,8.205,8.3125,8.1113
2010/11/18,8.2319,5754160,8.1194,8.395,8.1131
2010/11/17,7.8663,4630672,7.8063,7.9831,7.75
2010/11/16,7.7925,7567136,8.0237,8.1644,7.6981
2010/11/15,8.1996,4965168,8.43,8.465,8.1894
2010/11/12,8.2881,9092304,8.5881,8.69,8.0984
2010/11/11,8.7325,5042592,8.4688,8.7631,8.3663
2010/11/10,8.8819,3830416,8.7944,8.9131,8.5882
2010/11/09,8.7481,5081024,9.0181,9.0492,8.6394
2010/11/08,8.8919,4309040,8.8244,8.9375,8.7606
2010/11/05,8.8694,4747408,8.88,8.9225,8.7937
2010/11/04,8.8588,4660576,8.8537,8.9637,8.7918
2010/11/03,8.5556,4797760,8.4763,8.5583,8.2444
2010/11/02,8.4337,2837856,8.3825,8.502,8.3438
2010/11/01,8.1856,3550192,8.25,8.4169,8.0687
2010/10/29,8.1669,3364384,8.2044,8.2994,8.1563
2010/10/28,8.2063,4490192,8.2725,8.2769,8.0119
2010/10/27,8.1594,4701216,7.9731,8.18,7.9294
2010/10/26,8.0762,3118208,7.9019,8.1325,7.8094
2010/10/25,8.0281,3214928,8.0031,8.1644,8.0031
2010/10/22,7.9081,2446304,7.7663,7.9256,7.7256
2010/10/21,7.7569,4570240,7.8587,7.9437,7.5319
2010/10/20,7.7031,3893680,7.62,7.8731,7.5725
2010/10/19,7.5462,5303968,7.5475,7.7275,7.3644
2010/10/18,7.8587,3617376,7.8712,7.9394,7.7744
2010/10/15,7.8587,4981680,7.6519,7.8587,7.4813
2010/10/14,7.3875,3322736,7.4375,7.4806,7.2744
2010/10/13,7.4288,4034080,7.3863,7.5194,7.3238
2010/10/12,7.2525,4070864,7.0581,7.2906,6.8919
2010/10/11,7.105,1588464,7.1106,7.2038,7.0406
2010/10/08,7.0906,2855344,6.9631,7.1413,6.8213
2010/10/07,6.9506,3289136,7,7.005,6.7834
2010/10/06,6.8831,3686912,7.0338,7.0781,6.7444
2010/10/05,7.0631,4572912,6.8069,7.0969,6.7956
2010/10/04,6.5738,5159504,6.7419,6.8113,6.4675
2010/10/01,6.81,4876432,6.9913,7.0194,6.7094
2010/09/30,6.8312,7394512,7.03,7.1537,6.6956
2010/09/29,6.925,2660176,6.9262,7.0206,6.8469
2010/09/28,6.9813,6092608,7.0294,7.0294,6.63
2010/09/27,6.9638,4045664,7.0769,7.1137,6.9445
2010/09/24,7.0444,5271360,6.905,7.0875,6.8719
2010/09/23,6.6669,5711312,6.55,6.8688,6.53
2010/09/22,6.6869,4016608,6.6437,6.8181,6.5747
2010/09/21,6.7188,7244320,6.7456,6.875,6.6475
2010/09/20,6.74,4397248,6.4781,6.7744,6.4556
2010/09/17,6.4063,4784000,6.4681,6.4681,6.3094
2010/09/16,6.3388,3896896,6.2466,6.3494,6.1806
2010/09/15,6.2506,2819184,6.0975,6.2813,6.0481
2010/09/14,6.146,3530240,6.0438,6.24,6.0088
2010/09/13,6.0694,3486528,5.965,6.1131,5.9594
2010/09/10,5.8131,2662832,5.7931,5.8444,5.6988
2010/09/09,5.7512,3763888,5.8563,5.8656,5.7275
2010/09/08,5.6794,4744656,5.5469,5.7706,5.5469
2010/09/07,5.4856,4056096,5.5469,5.6137,5.474
2010/09/03,5.6225,5636560,5.5125,5.6225,5.4556
2010/09/02,5.35,2261760,5.2044,5.35,5.165
2010/09/01,5.1725,5400288,4.9562,5.2206,4.9494
2010/08/31,4.7725,6518192,4.725,4.8731,4.6569
2010/08/30,4.7962,4379072,4.8806,5.0112,4.795
2010/08/27,4.9569,8019200,4.8819,4.9781,4.5875
2010/08/26,4.7981,5538432,5.0237,5.0319,4.7656
2010/08/25,4.96,6005360,4.7219,5.0194,4.6988
2010/08/24,4.8156,6032400,4.9419,4.9787,4.7562
2010/08/23,5.1087,4507808,5.3712,5.4031,5.1013
2010/08/20,5.2538,3690784,5.2188,5.2938,5.1256
2010/08/19,5.2719,4262128,5.3956,5.4512,5.1312
2010/08/18,5.4731,2963632,5.3969,5.5831,5.335
2010/08/17,5.4244,4998672,5.3425,5.5644,5.3113
2010/08/16,5.2256,3975568,5.1188,5.3308,5.0531
2010/08/13,5.1963,2413024,5.2581,5.3181,5.1963
2010/08/12,5.3019,6079568,5.1288,5.3769,5.0981
2010/08/11,5.4556,6452720,5.6294,5.6331,5.3694
2010/08/10,5.945,6582784,5.9375,6.0281,5.7825
2010/08/09,6.0738,3567184,6.0512,6.125,5.9737
2010/08/06,5.9694,6355872,5.7819,5.995,5.6956
2010/08/05,5.9975,2768800,5.9425,6.0187,5.8712
2010/08/04,6.0331,3368864,5.9406,6.05,5.8637
2010/08/03,5.8637,2665824,5.9138,5.9325,5.7713
2010/08/02,5.925,3755584,5.8306,5.9688,5.7663
2010/07/30,5.6225,5405424,5.4425,5.715,5.3442
2010/07/29,5.5844,6363280,5.8,5.8375,5.4075
2010/07/28,5.7206,3235744,5.8281,5.9013,5.6437
2010/07/27,5.84,4987200,5.9275,5.9538,5.7669
2010/07/26,5.8412,4197376,5.7406,5.8575,5.6606
2010/07/23,5.7156,5779136,5.4925,5.7225,5.4619
2010/07/22,5.5706,5268288,5.4225,5.6781,5.4225
2010/07/21,5.2188,7185696,5.6125,5.6125,5.1837
2010/07/20,5.4081,5329984,4.9825,5.43,4.9425
2010/07/19,5.2425,5145712,5.1563,5.275,5.0319
2010/07/16,5.1269,7556496,5.5269,5.5338,5.1025
2010/07/15,5.5756,4757088,5.5331,5.6244,5.353
2010/07/14,5.5563,4515152,5.5156,5.6494,5.4444
2010/07/13,5.4688,7231728,5.4119,5.5388,5.295
2010/07/12,5.2881,4118384,5.2094,5.3669,5.1775
2010/07/09,5.2287,5943072,5.0731,5.25,5.0462
2010/07/08,5.0862,8626880,5.1219,5.1417,4.91
2010/07/07,5.0019,6696864,4.6094,5.0156,4.5981
2010/07/06,4.57,6522624,4.72,4.8069,4.455
2010/07/02,4.5462,6140752,4.5831,4.6363,4.4063
2010/07/01,4.5713,10513056,4.6419,4.6806,4.3038
2010/06/30,4.6163,7639568,4.7838,4.9206,4.5781
2010/06/29,4.8563,18240144,5.2094,5.2188,4.7125
2010/06/28,5.4662,6838960,5.52,5.6025,5.3475
2010/06/25,5.5156,7397008,5.5912,5.6537,5.3981
2010/06/24,5.5194,9975072,5.7313,5.7813,5.4875
2010/06/23,5.8006,9362320,5.9013,5.9619,5.6688
2010/06/22,5.8794,7482144,6.0912,6.2237,5.8487
2010/06/21,6.0219,9157008,6.41,6.4375,5.92
2010/06/18,6.1844,5815120,6.1994,6.3087,6.1225
2010/06/17,6.1675,6792768,6.2019,6.2112,6.0088
2010/06/16,6.1063,6597600,5.9806,6.1875,5.9512
2010/06/15,5.9856,8336112,5.6706,6.0506,5.6537
2010/06/14,5.5781,9472304,5.7406,5.8506,5.5556
2010/06/11,5.575,5221696,5.2644,5.5969,5.2644
2010/06/10,5.4331,6475248,5.1919,5.4437,5.1494
2010/06/09,5.0169,9551616,5.2337,5.3806,4.9594
2010/06/08,5.13,11079808,5.1956,5.23,4.9256
2010/06/07,5.1588,7028832,5.5294,5.59,5.15
2010/06/04,5.4763,10247104,5.695,5.9219,5.3963
2010/06/03,6.0762,4785280,5.9662,6.11,5.8538
2010/06/02,5.9225,4726096,5.625,5.9225,5.505
2010/06/01,5.5331,8445552,5.6306,5.9212,5.5
2010/05/28,5.6906,6939664,5.8094,5.8256,5.5313
2010/05/27,5.7713,7201760,5.5544,5.7856,5.5094
2010/05/26,5.2075,8676624,5.4569,5.6813,5.1675
2010/05/25,5.3738,7190576,5.01,5.3906,4.85
2010/05/24,5.4119,6441744,5.3969,5.5969,5.3494
2010/05/21,5.3675,9761984,5.0019,5.5331,4.9488
2010/05/20,5.3262,11370816,5.5756,5.6069,5.2156
2010/05/19,5.9256,9906592,5.9813,6.125,5.7144
2010/05/18,6.0862,7942336,6.4825,6.5187,5.9751
2010/05/17,6.3281,5700928,6.3044,6.3981,5.925
2010/05/14,6.2438,6416384,6.49,6.4988,6.0313
2010/05/13,6.6531,4368096,6.9013,7.0462,6.6113
2010/05/12,6.9681,4521984,6.7025,6.9825,6.6775
2010/05/11,6.6119,6126128,6.4294,6.875,6.3919
2010/05/10,6.6163,7883760,6.4844,6.6356,6.4488
2010/05/07,5.7575,10343680,6.045,6.2706,5.3569
2010/05/06,6.2094,9075312,6.7419,6.9362,4.25
2010/05/05,6.8838,5768960,6.7794,7.0069,6.65
2010/05/04,6.9988,5718112,7.3869,7.3875,6.8319
2010/05/03,7.6775,2190960,7.4625,7.7888,7.4606
2010/04/30,7.3762,3686976,7.8262,7.8631,7.3569
2010/04/29,7.8381,3531072,7.5613,7.8756,7.5606
2010/04/28,7.4575,5208160,7.5544,7.5619,7.2769
2010/04/27,7.44,5570912,7.8525,7.9363,7.375
2010/04/26,7.9294,3353968,7.9944,8.0544,7.8906
2010/04/23,7.9887,3431104,7.8919,8.0135,7.7988
2010/04/22,7.8844,5118336,7.5425,7.9106,7.4138
2010/04/21,7.7694,3499184,7.79,7.8356,7.625
2010/04/20,7.635,2336096,7.6406,7.6875,7.4975
2010/04/19,7.5237,4697152,7.465,7.5925,7.25
2010/04/16,7.5356,5393200,7.7313,7.8069,7.3906
2010/04/15,7.8137,1905424,7.7025,7.8425,7.6956
2010/04/14,7.7106,2545600,7.5544,7.7167,7.5388
2010/04/13,7.4481,2799632,7.3137,7.46,7.2477
2010/04/12,7.3375,2033280,7.3331,7.3937,7.285
2010/04/09,7.3081,2419904,7.2025,7.3256,7.1469
2010/04/08,7.1788,2901888,7.0806,7.2206,6.9725
2010/04/07,7.1531,4426000,7.1694,7.2475,7.0281
2010/04/06,7.1937,2445472,7.085,7.2588,7.04
2010/04/05,7.1394,2814864,6.9894,7.1813,6.9375
2010/04/01,6.9387,4858320,7.03,7.1644,6.7831
2010/03/31,6.9525,2480352,6.9688,7.0625,6.9044
2010/03/30,7.0475,1661840,7.0319,7.1081,6.9044
2010/03/29,6.9744,1584944,6.9837,7.0456,6.9231
2010/03/26,6.88,3511568,6.9419,7.0119,6.7719
2010/03/25,6.8444,3913168,7.0556,7.1294,6.8388
2010/03/24,6.8875,3717296,6.9375,6.9525,6.8438
2010/03/23,6.9869,2304112,6.8906,7.0019,6.7838
2010/03/22,6.8438,2448128,6.5856,6.9238,6.5606
2010/03/19,6.6638,1667456,6.8581,6.8581,6.5925
2010/03/18,6.7838,2174272,6.7387,6.805,6.6944
2010/03/17,6.7156,1658080,6.6881,6.8106,6.66
2010/03/16,6.6694,1939792,6.6099,6.6881,6.5412
2010/03/15,6.5456,1765280,6.5462,6.5906,6.4063
2010/03/12,6.59,1504752,6.6475,6.6475,6.5144
2010/03/11,6.575,2244832,6.4756,6.5842,6.4325
2010/03/10,6.515,1668960,6.3681,6.5538,6.3637
2010/03/09,6.3594,1934032,6.2144,6.4569,6.2094
2010/03/08,6.2488,1055744,6.2213,6.2938,6.2213
2010/03/05,6.2156,1119280,6.0794,6.2431,6.0469
2010/03/04,5.9525,1226608,5.9081,5.9606,5.8163
2010/03/03,5.8875,1998128,5.9206,5.9719,5.8306
2010/03/02,5.855,2018496,5.8712,5.9813,5.8394
2010/03/01,5.82,1185520,5.6513,5.8438,5.6513
2010/02/26,5.5806,2396240,5.4956,5.6037,5.4413
2010/02/25,5.5119,3797936,5.3388,5.5497,5.2319
2010/02/24,5.515,2942592,5.4475,5.5781,5.4181
2010/02/23,5.3531,3426400,5.54,5.57,5.2794
2010/02/22,5.5706,2123536,5.6762,5.6762,5.5075
2010/02/19,5.61,3873408,5.5719,5.6831,5.5294
2010/02/18,5.61,3234080,5.5,5.6431,5.4669
2010/02/17,5.5056,1598048,5.4863,5.5069,5.4036
2010/02/16,5.4138,801312,5.3344,5.4259,5.2506
2010/02/12,5.2119,716480,5.0494,5.2569,5.02
2010/02/11,5.1906,287840,4.8825,5.2188,4.8669
